일시,서울시 추가 확진,1차접종 누계,2차접종 누계,3차접종 누계,4차접종 누계,동절기접종 누계,평균기온(°C),평균 상대습도(%),평균 지면온도(°C),평균 30cm 지중온도(°C),5.0m 지중온도(°C),지하철 승차 인원,일 미세먼지 농도(㎍/㎥),
2020-02-05,0,0,0,0,0,0,-8.3,37.3,-2.5,3,15.6,4619959,28,
2020-02-06,0,0,0,0,0,0,-6.4,36.4,-2.7,2.3,15.5,4562751,46,
2020-02-07,0,0,0,0,0,0,-1.7,45.1,-0.4,1.9,15.5,4768539,44,
2020-02-08,0,0,0,0,0,0,-0.1,48.1,1.4,1.9,15.4,3027165,50,
2020-02-09,0,0,0,0,0,0,-0.5,51.1,0.5,2.2,15.4,2174361,42,
2020-02-10,0,0,0,0,0,0,4,49.4,3.4,2.5,15.3,4617563,54,
2020-02-11,0,0,0,0,0,0,6.8,37,0.6,2.5,15.3,4775250,68,
2020-02-12,0,0,0,0,0,0,7.4,73.4,5.8,4.3,15.2,4650762,63,
2020-02-13,0,0,0,0,0,0,6.5,84.8,6.6,5.2,15.3,4849685,90,
2020-02-14,0,0,0,0,0,0,8.1,70.3,6.9,5.6,15.1,5078672,99,
2020-02-15,0,0,0,0,0,0,9.8,63,6.6,6.2,15.1,3386295,76,
2020-02-16,0,0,0,0,0,0,-1.4,81.1,2.2,6.2,15.1,2311506,58,
2020-02-17,0,0,0,0,0,0,-5.9,64.3,0.3,4.7,15.1,4748610,58,
2020-02-18,0,0,0,0,0,0,-4.1,44,-0.1,3.8,15,4782542,29,
2020-02-19,0,0,0,0,0,0,1,56.8,1.8,3.4,15,4832990,43,
2020-02-20,0,0,0,0,0,0,4.6,62.6,4,3.7,14.9,4745403,76,
2020-02-21,0,0,0,0,0,0,6.7,66.3,4.4,4.4,14.9,4650723,76,
2020-02-22,0,0,0,0,0,0,4,62,4.2,5.3,14.8,2682328,75,
2020-02-23,0,0,0,0,0,0,2.5,48.6,3.6,4.8,14.8,1761061,24,
2020-02-24,0,0,0,0,0,0,7,51.8,6.1,5.1,14.8,3955006,42,
2020-02-25,0,0,0,0,0,0,6.7,73.5,6,6,14.8,3663140,28,
2020-02-26,0,0,0,0,0,0,6.4,59.6,5.4,5.9,14.7,3651858,21,
2020-02-27,0,0,0,0,0,0,6.1,54,6,6.1,14.6,3541450,17,
2020-02-28,0,0,0,0,0,0,4.5,79.4,4.7,6.2,14.6,3416704,32,
2020-02-29,0,0,0,0,0,0,7.7,68.6,8.4,6.5,14.5,1853330,26,
2020-03-01,0,0,0,0,0,0,5.8,71.8,5.5,7.1,14.5,1198963,57,
2020-03-02,0,0,0,0,0,0,3.4,55.3,5,6.7,14.5,3365506,42,
2020-03-03,0,0,0,0,0,0,4.8,57,3.7,6.5,14.5,3377951,55,
2020-03-04,0,0,0,0,0,0,2.2,53.4,4,6.4,14.4,3370195,54,
2020-03-05,0,0,0,0,0,0,1.4,47.5,3.8,5.7,14.4,3386968,43,
2020-03-06,0,0,0,0,0,0,3.7,46.8,4.5,5.6,14.3,3498655,51,
2020-03-07,0,0,0,0,0,0,7,39.5,7,6,14.3,1975515,78,
2020-03-08,0,0,0,0,0,0,9.3,43.8,8.6,6.7,14.3,1363523,73,
2020-03-09,0,0,0,0,0,0,11.1,37.6,9.7,7.4,14.2,3543816,70,
2020-03-10,0,0,0,0,0,0,6.4,78.4,6.5,8.2,14.3,3403691,56,
2020-03-11,0,0,0,0,0,0,3.8,41.8,4.8,7.1,14.2,3510869,31,
2020-03-12,0,0,0,0,0,0,6.8,49.8,5.5,6.9,14.1,3442386,33,
2020-03-13,0,0,0,0,0,0,4.9,41,7.7,7.6,14.1,3525053,32,
2020-03-14,0,0,0,0,0,0,3.6,48.1,5.6,7.1,14.1,2055150,46,
2020-03-15,0,0,0,0,0,0,4,48.3,6.2,7.2,14.1,1354215,43,
2020-03-16,0,0,0,0,0,0,3.6,42.4,6.1,6.9,14,3472588,25,
2020-03-17,0,0,0,0,0,0,6.6,65.8,7.5,7.2,14,3473190,48,
2020-03-18,0,0,0,0,0,0,10,45.8,9.8,7.4,14,3574734,66,
2020-03-19,0,0,0,0,0,0,9.1,49,9.9,8.4,14,3411258,57,
2020-03-20,0,0,0,0,0,0,8.8,39.6,9.9,8.4,13.9,3695367,30,
2020-03-21,0,0,0,0,0,0,12.8,56.5,13.9,9.1,13.9,2147317,44,
2020-03-22,0,0,0,0,0,0,11,37.5,13.6,10.3,13.8,1470084,40,
2020-03-23,0,0,0,0,0,0,10.6,37.9,12.6,10.4,13.8,3558629,55,
2020-03-24,0,0,0,0,0,0,11.4,35,13.2,10.6,13.8,3580143,63,
2020-03-25,0,0,0,0,0,0,12.5,33.6,13.9,10.8,13.7,3636959,56,
2020-03-26,0,0,0,0,0,0,14.8,53.8,13.5,11.2,13.7,3547195,57,
2020-03-27,0,0,0,0,0,0,11.9,56.4,14.4,12,13.7,3693520,47,
2020-03-28,0,0,0,0,0,0,7.7,17.9,10.8,11.4,13.7,2186157,31,
2020-03-29,0,0,0,0,0,0,8.7,30.6,11.8,10.8,13.6,1491715,43,
2020-03-30,0,0,0,0,0,0,10.2,38.4,13.3,11.1,13.6,3600863,59,
2020-03-31,0,0,0,0,0,0,11.9,34.5,14.5,11.4,13.6,3624950,52,
2020-04-01,0,0,0,0,0,0,11.3,35.6,15,12,13.6,3638559,81,
2020-04-02,0,0,0,0,0,0,9.3,41.4,13.1,11.9,13.5,3624001,44,
2020-04-03,0,0,0,0,0,0,10,53.8,14.2,11.9,13.5,3757224,64,
2020-04-04,0,0,0,0,0,0,8.9,36.4,13.8,12.3,13.5,2209854,69,
2020-04-05,0,0,0,0,0,0,7.2,29.5,12.4,11.9,13.5,1491598,49,
2020-04-06,0,0,0,0,0,0,9.3,38.3,13.8,11.8,13.4,3698649,55,
2020-04-07,0,0,0,0,0,0,10.6,56.6,14.8,12.2,13.5,3728736,56,
2020-04-08,0,0,0,0,0,0,9.4,25.5,14.3,12.3,13.4,3748586,41,
2020-04-09,0,0,0,0,0,0,8.9,44.6,14,11.9,13.4,3738815,48,
2020-04-10,0,0,0,0,0,0,10.7,52.6,17,11.9,13.5,3854954,42,
2020-04-11,0,0,0,0,0,0,9.9,63.8,15.6,12.3,13.5,2302005,40,
2020-04-12,0,0,0,0,0,0,9.9,58.6,13.2,12.2,13.5,1543156,34,
2020-04-13,0,0,0,0,0,0,12.4,39.4,18,12.2,13.5,3770150,21,
2020-04-14,0,0,0,0,0,0,13,46.8,18.7,12.7,13.5,3920444,55,
2020-04-15,0,0,0,0,0,0,13.2,39.8,17.5,13.1,13.4,2021823,77,
2020-04-16,0,0,0,0,0,0,16,39.9,20.1,13.4,13.4,3827784,64,
2020-04-17,0,0,0,0,0,0,12.5,77.8,12.1,13.9,13.4,3815920,47,
2020-04-18,0,0,0,0,0,0,13.5,67.9,18.1,13.3,13.4,2488282,31,
2020-04-19,0,0,0,0,0,0,12.3,75.8,12.5,13.7,13.4,1552591,27,
2020-04-20,0,0,0,0,0,0,10,73,10.2,12.9,13.4,3860532,19,
2020-04-21,0,0,0,0,0,0,7.4,49,12.2,12.1,13.4,3955714,33,
2020-04-22,2,0,0,0,0,0,6,46.8,9.8,11.4,13.4,3937377,64,
2020-04-23,0,0,0,0,0,0,7.9,47.8,12.7,11,13.5,3995042,39,
2020-04-24,0,0,0,0,0,0,9.9,55.6,14.5,11.5,13.5,4178261,35,
2020-04-25,1,0,0,0,0,0,13.1,54.4,15.7,12.2,13.5,2621529,51,
2020-04-26,0,0,0,0,0,0,12.3,43.1,18.3,12.8,13.5,1826195,35,
2020-04-27,0,0,0,0,0,0,12.9,49.8,17.1,13.5,13.5,4048852,37,
2020-04-28,4,0,0,0,0,0,13.9,50,20.1,13.8,13.4,4137402,42,
2020-04-29,0,0,0,0,0,0,14.9,48.6,21.1,14.5,13.4,4304203,53,
2020-04-30,0,0,0,0,0,0,17.1,57.1,23,14.9,13.4,2350092,38,
2020-05-01,1,0,0,0,0,0,20.2,73.6,25.7,16.2,13.4,2612457,50,
2020-05-02,1,0,0,0,0,0,20.3,79.6,22.7,17.2,13.4,2431539,44,
2020-05-03,2,0,0,0,0,0,21.8,68.8,26.7,17.6,13.4,1846921,28,
2020-05-04,0,0,0,0,0,0,20.2,63.9,28.9,18.5,13.4,3636117,35,
2020-05-05,0,0,0,0,0,0,16,67.9,17.1,18.4,13.4,2081515,33,
2020-05-06,0,0,0,0,0,0,19.4,50,26.5,17.5,13.4,4295907,36,
2020-05-07,0,0,0,0,0,0,20.7,32.5,25.7,18.3,13.4,4347779,33,
2020-05-08,11,0,0,0,0,0,19.9,32.8,27.3,18.8,13.4,4468430,34,
2020-05-09,10,0,0,0,0,0,14.2,94.4,15.1,18.3,13.4,2462373,16,
2020-05-10,11,0,0,0,0,0,14.4,88.6,15.7,17,13.4,1910101,37,
2020-05-11,21,0,0,0,0,0,16.5,61,20.2,17,13.4,4199826,98,
2020-05-12,13,0,0,0,0,0,14.3,69.4,17.6,17.1,13.4,4182133,38,
2020-05-13,5,0,0,0,0,0,16.1,47.3,20.5,16.7,13.4,4223098,34,
2020-05-14,6,0,0,0,0,0,19.3,35.4,21.8,17.4,13.4,4172755,42,
2020-05-15,11,0,0,0,0,0,16.1,81.4,15.9,17.7,13.4,4133477,33,
2020-05-16,6,0,0,0,0,0,16.7,90.3,18.3,17.1,13.4,2615934,29,
2020-05-17,4,0,0,0,0,0,19.1,80.1,21.2,17.6,13.4,1887394,44,
2020-05-18,1,0,0,0,0,0,19.1,79.4,21.6,18.6,13.4,4032026,44,
2020-05-19,14,0,0,0,0,0,13,73.6,16.1,18.2,13.4,4081666,44,
2020-05-20,3,0,0,0,0,0,14.4,60.4,17.3,17.4,13.4,4310322,15,
2020-05-21,3,0,0,0,0,0,17.4,56.1,20.5,17.6,13.4,4289273,25,
2020-05-22,3,0,0,0,0,0,18.5,68.5,20,18.4,13.4,4388157,53,
2020-05-23,3,0,0,0,0,0,20.1,66.1,23.3,18.8,13.4,2887406,50,
2020-05-24,6,0,0,0,0,0,17.1,84.8,19,19.4,13.4,1833757,29,
2020-05-25,8,0,0,0,0,0,16.6,81,20.3,19,13.4,4236503,45,
2020-05-26,16,0,0,0,0,0,16.2,81.9,19.2,19,13.5,4263997,48,
2020-05-27,15,0,0,0,0,0,17.4,68.5,21.4,19.1,13.5,4349497,19,
2020-05-28,21,0,0,0,0,0,18.7,62.8,20.5,19.6,13.5,4271561,24,
2020-05-29,18,0,0,0,0,0,20.7,65.6,24.3,20,13.5,4373716,30,
2020-05-30,9,0,0,0,0,0,22.6,57.3,27.6,21,13.5,2754519,33,
2020-05-31,6,0,0,0,0,0,21.2,63,25.7,21.5,13.5,1865240,34,
2020-06-01,2,0,0,0,0,0,19.7,64.3,26.6,21.6,13.5,4163128,25,
2020-06-02,15,0,0,0,0,0,17.9,71,18.3,21.1,13.5,4099489,25,
2020-06-03,18,0,0,0,0,0,22,73.3,27.1,20.6,13.5,4261381,56,
2020-06-04,20,0,0,0,0,0,21.9,81.1,26.8,21.9,13.5,4246374,71,
2020-06-05,13,0,0,0,0,0,23,69.4,29.8,22.5,13.5,4372656,42,
2020-06-06,23,0,0,0,0,0,24.6,63.6,31.4,23,13.6,2516958,48,
2020-06-07,27,0,0,0,0,0,22.7,69.4,30.2,23.5,13.6,1880565,41,
2020-06-08,18,0,0,0,0,0,25,63.6,32.7,24,13.6,4151959,39,
2020-06-09,22,0,0,0,0,0,26.7,51.6,34.1,24.5,13.6,4204095,47,
2020-06-10,10,0,0,0,0,0,25.8,63.8,32.8,24.8,13.6,4247970,47,
2020-06-11,19,0,0,0,0,0,26.1,68.3,30.1,24.7,13.6,4210660,47,
2020-06-12,24,0,0,0,0,0,24.7,68.6,25.8,24.8,13.6,4340863,47,
2020-06-13,29,0,0,0,0,0,26.9,52.8,34.6,24.5,13.7,2751041,52,
2020-06-14,12,0,0,0,0,0,24,70.6,29.6,25.3,13.7,1883172,52,
2020-06-15,7,0,0,0,0,0,23,62.3,31.1,24.9,13.7,4198497,35,
2020-06-16,12,0,0,0,0,0,24.4,63,32.2,25,13.7,4257823,35,
2020-06-17,13,0,0,0,0,0,24.3,58.6,31.1,25.2,13.7,4289474,35,
2020-06-18,25,0,0,0,0,0,23.4,61.4,26.7,24.9,13.7,4270782,40,
2020-06-19,18,0,0,0,0,0,24.7,61.4,29.6,24.6,13.8,4397891,30,
2020-06-20,14,0,0,0,0,0,24.9,62.6,31.9,24.9,13.8,2812773,40,
2020-06-21,17,0,0,0,0,0,26.1,59.5,34.1,25.3,13.8,1924051,38,
2020-06-22,5,0,0,0,0,0,28.6,50.5,36.3,25.9,13.8,4172319,40,
2020-06-23,6,0,0,0,0,0,27.3,53.5,32.1,26.3,13.9,4279920,46,
2020-06-24,11,0,0,0,0,0,22.3,83.5,22.7,25.5,13.9,4143595,41,
2020-06-25,9,0,0,0,0,0,21.6,91,23,23.8,13.9,4263565,25,
2020-06-26,17,0,0,0,0,0,21.8,82.1,22.9,23.4,13.9,4475104,30,
2020-06-27,17,0,0,0,0,0,24.1,70.4,25.2,23.7,14,2923985,29,
2020-06-28,14,0,0,0,0,0,25.2,70.5,28.6,24.5,14,2010157,38,
2020-06-29,7,0,0,0,0,0,23.8,77,23.9,24.9,14,4247136,49,
2020-06-30,7,0,0,0,0,0,20.1,83,20.8,23.1,14,4215630,49,
2020-07-01,9,0,0,0,0,0,21.1,79.3,21.3,22.3,14.1,4361336,49,
2020-07-02,13,0,0,0,0,0,24.2,74.5,24.5,22.8,14.1,4367422,49,
2020-07-03,12,0,0,0,0,0,25.5,63.5,28.6,24,14.1,4499134,49,
2020-07-04,7,0,0,0,0,0,24.2,63.9,28.2,24.8,14.1,2908166,49,
2020-07-05,16,0,0,0,0,0,23.8,68.6,26.7,25,14.2,1986180,33,
2020-07-06,3,0,0,0,0,0,25.6,66.6,28.5,25.2,14.2,4307226,29,
2020-07-07,3,0,0,0,0,0,24.1,75.5,28.3,25.3,14.2,4366181,29,
2020-07-08,10,0,0,0,0,0,25.5,71.9,30.5,25.4,14.3,4415412,41,
2020-07-09,8,0,0,0,0,0,27.5,64.6,31.9,26.1,14.3,4395851,41,
2020-07-10,8,0,0,0,0,0,24.5,75,25.2,26.1,14.3,4452493,41,
2020-07-11,8,0,0,0,0,0,25.8,62.6,29.7,25.6,14.4,2895587,8,
2020-07-12,7,0,0,0,0,0,23.5,71.9,25.3,25.5,14.4,1572000,15,
2020-07-13,13,0,0,0,0,0,18.7,94.8,20.1,24,14.4,4135335,9,
2020-07-14,7,0,0,0,0,0,20.3,79.4,22.6,22.4,14.5,4377134,9,
2020-07-15,6,0,0,0,0,0,23.4,63.1,26.4,23,14.5,4502401,13,
2020-07-16,7,0,0,0,0,0,25,70.9,27.4,24.1,14.5,4453246,25,
2020-07-17,9,0,0,0,0,0,26,72,28.3,25,14.6,4532855,39,
2020-07-18,6,0,0,0,0,0,26.1,71.6,27.9,25.5,14.6,2933790,39,
2020-07-19,10,0,0,0,0,0,24,81.6,22.9,25.1,14.7,1758549,39,
2020-07-20,3,0,0,0,0,0,23.8,86.3,23.8,24.4,14.7,4212845,39,
2020-07-21,21,0,0,0,0,0,25,77,25.6,24.3,14.7,4443272,36,
2020-07-22,16,0,0,0,0,0,23.7,89.3,24,24.7,14.8,4349365,36,
2020-07-23,12,0,0,0,0,0,21.1,95.5,21.8,24,14.8,4307526,36,
2020-07-24,21,0,0,0,0,0,22.5,74.3,21.2,22.2,14.9,4469784,36,
2020-07-25,11,0,0,0,0,0,24.3,69.3,23.9,22.8,15.1,2924768,36,
2020-07-26,7,0,0,0,0,0,25.4,69.3,25.6,23.6,15.3,2019828,36,
2020-07-27,9,0,0,0,0,0,24.3,86.4,25.2,24.3,15.3,4228679,36,
2020-07-28,6,0,0,0,0,0,24.4,84.8,25,24.3,15.3,4357320,14,
2020-07-29,9,0,0,0,0,0,23.7,95.8,23.9,24.1,15.3,4252401,13,
2020-07-30,3,0,0,0,0,0,25.3,85.5,26.9,24.4,15.3,4338527,18,
2020-07-31,8,0,0,0,0,0,26.2,81.9,27.2,25.1,15.4,4465993,21,
2020-08-01,2,0,0,0,0,0,25.3,90.9,25.7,25.4,15.4,2497886,14,
2020-08-02,5,0,0,0,0,0,24.9,96.3,25.2,25.3,15.4,1674193,14,
2020-08-03,5,0,0,0,0,0,25,96.3,25.1,25,15.5,3829338,14,
2020-08-04,9,0,0,0,0,0,27,89.3,26.9,25.1,16,4036811,14,
2020-08-05,6,0,0,0,0,0,26.5,92.1,26.7,25.6,16.4,4087594,14,
2020-08-06,9,0,0,0,0,0,24.1,92.8,24.8,25.5,16.4,4312137,14,
2020-08-07,9,0,0,0,0,0,24.3,85.3,24.8,25.2,16.6,4523930,44,
2020-08-08,17,0,0,0,0,0,24.2,89.5,24.9,25,16.7,2867978,44,
2020-08-09,13,0,0,0,0,0,24.9,95.4,24.3,24.9,16.6,1680297,44,
2020-08-10,13,0,0,0,0,0,26.5,91.6,26.4,25.1,16.5,4218491,44,
2020-08-11,6,0,0,0,0,0,24.6,92.5,25.2,25.2,16.7,4266512,44,
2020-08-12,15,0,0,0,0,0,27.2,83.9,28.3,25.5,17.3,4442475,44,
2020-08-13,26,0,0,0,0,0,28,82.4,27.4,26.4,17.4,4363340,44,
2020-08-14,32,0,0,0,0,0,27.1,86.1,26.3,26.4,17.3,4337767,44,
2020-08-15,74,0,0,0,0,0,26.1,96,25.9,26.2,17.1,2436674,44,
2020-08-16,146,0,0,0,0,0,27.4,82.6,27.9,26.3,17.1,1912758,44,
2020-08-17,90,0,0,0,0,0,28.2,77.9,29,26.9,17.1,2385279,44,
2020-08-18,132,0,0,0,0,0,27.5,76.3,29.1,27.1,17.1,3992089,44,
2020-08-19,151,0,0,0,0,0,27.1,76.8,28.6,27.3,17.1,3830085,44,
2020-08-20,135,0,0,0,0,0,27.7,76,27.6,27.4,17,3728616,44,
2020-08-21,126,0,0,0,0,0,26.6,83.1,27.6,27.3,17,3699070,44,
2020-08-22,128,0,0,0,0,0,24.3,87.4,25.2,26.3,17,1931859,44,
2020-08-23,140,0,0,0,0,0,25.3,78.4,27.2,26.3,17,1336288,44,
2020-08-24,97,0,0,0,0,0,27.8,71.6,28.6,26.6,17.1,3547043,33,
2020-08-25,134,0,0,0,0,0,29.9,69.5,30.5,27.2,17.1,3586815,33,
2020-08-26,112,0,0,0,0,0,30.2,68.3,29.3,27.8,17.1,3504155,33,
2020-08-27,154,0,0,0,0,0,27.1,84.6,27.2,27.7,17.1,3256988,33,
2020-08-28,146,0,0,0,0,0,27.3,89.1,28.1,27.3,17.1,3497875,33,
2020-08-29,125,0,0,0,0,0,26.8,90.1,28.7,27.4,17.1,1781057,33,
2020-08-30,116,0,0,0,0,0,26.8,88.8,28.1,27.4,17.2,1164206,33,
2020-08-31,94,0,0,0,0,0,26.4,77.9,27.2,27.4,17.2,3308291,9,
2020-09-01,94,0,0,0,0,0,26.6,72.4,27,27.2,17.2,3258384,16,
2020-09-02,101,0,0,0,0,0,24.3,91.3,25.3,27,17.3,3150846,16,
2020-09-03,69,0,0,0,0,0,22.7,82,24,25.7,17.3,3134287,16,
2020-09-04,68,0,0,0,0,0,23.3,63.9,23.7,25.2,17.4,3427954,19,
2020-09-05,51,0,0,0,0,0,23.3,66.6,23.4,25,17.5,1888268,28,
2020-09-06,63,0,0,0,0,0,21.7,80,22.7,24.8,17.5,1231425,21,
2020-09-07,48,0,0,0,0,0,19.2,93.5,20.1,23.6,17.6,3151113,21,
2020-09-08,67,0,0,0,0,0,23.4,71.5,23.1,22.9,17.6,3471323,27,
2020-09-09,49,0,0,0,0,0,21.1,83.4,22.2,23.6,17.6,3412301,26,
2020-09-10,48,0,0,0,0,0,22.8,75.8,24.4,23.6,17.7,3480864,24,
2020-09-11,63,0,0,0,0,0,22.4,72.6,22.7,23.9,17.8,3575612,22,
2020-09-12,50,0,0,0,0,0,20.2,83.8,21.5,23.5,17.8,1992217,9,
2020-09-13,31,0,0,0,0,0,21.5,70.4,24.1,23.3,17.8,1435879,9,
2020-09-14,41,0,0,0,0,0,21.3,79.3,22.8,23.5,17.8,3693414,29,
2020-09-15,32,0,0,0,0,0,23,76.4,23.9,23.5,17.8,3786253,42,
2020-09-16,51,0,0,0,0,0,22.5,79.9,22.2,23.9,17.9,3750493,20,
2020-09-17,63,0,0,0,0,0,21.3,70.3,21.5,23.7,17.9,3822145,21,
2020-09-18,46,0,0,0,0,0,21.5,62,22.4,23.2,17.9,3990995,24,
2020-09-19,40,0,0,0,0,0,21.2,59.3,21.8,23.1,17.9,2491017,24,
2020-09-20,28,0,0,0,0,0,19.7,57.6,21.2,22.8,18,1683365,19,
2020-09-21,23,0,0,0,0,0,19.1,56.1,20.6,22.4,18,3941905,24,
2020-09-22,21,0,0,0,0,0,20.2,55.3,21.8,22.2,18,4018594,24,
2020-09-23,40,0,0,0,0,0,19.2,59.9,20.8,22.2,18,4052666,24,
2020-09-24,39,0,0,0,0,0,20.6,59.6,22,22.1,18.1,4058712,11,
2020-09-25,57,0,0,0,0,0,20.1,64.1,21.5,22.3,18.1,4221243,14,
2020-09-26,26,0,0,0,0,0,19.3,62.5,20.4,22,18.1,2634886,15,
2020-09-27,34,0,0,0,0,0,20.4,63.3,21.4,21.8,18.1,1780236,16,
2020-09-28,19,0,0,0,0,0,20.7,66,22,21.9,18.2,4068284,16,
2020-09-29,11,0,0,0,0,0,19.6,67.6,20.7,22,18.2,3978245,42,
2020-09-30,51,0,0,0,0,0,19.6,78,21.1,21.8,18.2,1528868,42,
2020-10-01,30,0,0,0,0,0,18.8,74.9,19.6,21.3,18.2,1023109,42,
2020-10-02,11,0,0,0,0,0,19.2,79.6,18.5,21,18.2,1437238,38,
2020-10-03,26,0,0,0,0,0,19.9,72.5,19.8,21.1,18.3,1800608,54,
2020-10-04,16,0,0,0,0,0,16.6,65.1,17.8,21.1,18.3,1624685,35,
2020-10-05,19,0,0,0,0,0,13.3,57.3,14.5,19.9,18.3,3985264,31,
2020-10-06,15,0,0,0,0,0,14.2,55.9,14.6,19,18.3,4102010,31,
2020-10-07,33,0,0,0,0,0,16,48.9,14.9,18.7,18.3,4148464,31,
2020-10-08,20,0,0,0,0,0,17.2,53,15.9,18.7,18.3,4291986,19,
2020-10-09,22,0,0,0,0,0,17.2,53.4,16.6,18.8,18.4,2476314,21,
2020-10-10,25,0,0,0,0,0,16.9,60.1,16.6,18.9,18.4,2583465,25,
2020-10-11,23,0,0,0,0,0,16.9,68.5,16.1,18.9,18.4,1839539,39,
2020-10-12,31,0,0,0,0,0,16.2,68.6,16.8,18.9,18.4,4173783,52,
2020-10-13,20,0,0,0,0,0,13.6,52.3,14.2,18.5,18.4,4276030,35,
2020-10-14,23,0,0,0,0,0,12.8,47,14.3,17.9,18.4,4301235,45,
2020-10-15,25,0,0,0,0,0,11.7,41.8,13.1,17.2,18.4,4277143,45,
2020-10-16,18,0,0,0,0,0,11.8,64.3,12.5,16.8,18.5,4413350,54,
2020-10-17,18,0,0,0,0,0,13.1,64.3,13.1,16.6,18.5,2974158,51,
2020-10-18,20,0,0,0,0,0,13.6,65.5,12.9,16.5,18.5,2026230,45,
2020-10-19,14,0,0,0,0,0,15.1,74.4,14.3,16.6,18.5,4240373,120,
2020-10-20,11,0,0,0,0,0,15.2,67.1,14.5,16.8,18.5,4364418,118,
2020-10-21,17,0,0,0,0,0,14.1,69.4,13.7,16.8,18.5,4359535,118,
2020-10-22,18,0,0,0,0,0,13.5,66,15.2,16.7,18.5,4372626,94,
2020-10-23,20,0,0,0,0,0,8.6,51.5,10.7,16.2,18.5,4555294,34,
2020-10-24,22,0,0,0,0,0,8.7,47.6,9.4,15.1,18.5,3068779,37,
2020-10-25,17,0,0,0,0,0,11.8,62.5,10.9,14.7,18.5,2121284,46,
2020-10-26,20,0,0,0,0,0,12.9,71.6,11.9,14.9,18.5,4314286,72,
2020-10-27,24,0,0,0,0,0,14,74.1,13.2,15.2,18.5,4406490,116,
2020-10-28,25,0,0,0,0,0,13.8,52.1,13.8,15.8,18.5,4456434,63,
2020-10-29,36,0,0,0,0,0,10.8,40.3,11.5,15.2,18.5,4440338,44,
2020-10-30,48,0,0,0,0,0,11.9,42.9,11.2,14.7,18.5,4594909,57,
2020-10-31,52,0,0,0,0,0,13.6,60.3,12.9,14.6,18.5,3164068,34,
2020-11-01,45,0,0,0,0,0,13.7,84.3,13.1,15.1,18.6,1964815,74,
2020-11-02,25,0,0,0,0,0,10.8,58.3,10,14.6,18.5,4375165,58,
2020-11-03,22,0,0,0,0,0,5.1,47.5,6.1,13.5,18.6,4448223,27,
2020-11-04,42,0,0,0,0,0,4.9,43.9,5.2,11.8,18.6,4466926,39,
2020-11-05,50,0,0,0,0,0,9.6,61.5,10.5,11.3,18.6,4487372,53,
2020-11-06,40,0,0,0,0,0,13.5,63.3,12.5,12.3,18.5,4591770,64,
2020-11-07,37,0,0,0,0,0,14.6,68.8,14.6,13.5,18.5,3156789,115,
2020-11-08,54,0,0,0,0,0,8.5,43.8,9.9,13.5,18.5,2223543,72,
2020-11-09,46,0,0,0,0,0,5.5,40.9,5.6,12.1,18.5,4358471,34,
2020-11-10,35,0,0,0,0,0,7.7,56.1,7.9,11.4,18.5,4500451,34,
2020-11-11,45,0,0,0,0,0,9.3,53.5,8.7,11.2,18.5,4569525,62,
2020-11-12,53,0,0,0,0,0,10.4,56.9,9.2,11.3,18.5,4521476,92,
2020-11-13,74,0,0,0,0,0,12.2,71.5,12.1,11.8,18.5,4628523,115,
2020-11-14,69,0,0,0,0,0,12.5,66.9,10.9,12.1,18.5,3113652,111,
2020-11-15,85,0,0,0,0,0,11.1,75,10.2,12.3,18.5,2153387,118,
2020-11-16,81,0,0,0,0,0,12.4,70.1,10.9,12.2,18.5,4334220,110,
2020-11-17,90,0,0,0,0,0,15.9,67.5,13,12.5,18.5,4399815,90,
2020-11-18,92,0,0,0,0,0,16.6,91.4,15.3,13.6,18.5,4346543,90,
2020-11-19,109,0,0,0,0,0,13.6,90.5,14.6,15.1,18.5,4149768,90,
2020-11-20,132,0,0,0,0,0,2.8,74.3,6.2,13.7,18.5,4441021,33,
2020-11-21,156,0,0,0,0,0,6.5,67.9,6.5,11.1,18.4,2768657,47,
2020-11-22,121,0,0,0,0,0,5.6,80.5,7.3,11.1,18.4,1823500,57,
2020-11-23,112,0,0,0,0,0,1.7,61.4,2.9,9.9,18.4,4116219,41,
2020-11-24,133,0,0,0,0,0,2.9,54.5,3.5,8.8,18.4,4044222,39,
2020-11-25,142,0,0,0,0,0,4.6,64.1,3.5,8.2,18.4,4052389,61,
2020-11-26,213,0,0,0,0,0,5.6,66.5,4.4,8.2,18.4,3927768,90,
2020-11-27,204,0,0,0,0,0,4.1,61.6,4.9,8.3,18.4,3910628,62,
2020-11-28,178,0,0,0,0,0,-0.1,50,1.2,7.6,18.4,2241823,29,
2020-11-29,158,0,0,0,0,0,-0.6,59.6,0.7,6.6,18.3,1531691,36,
2020-11-30,159,0,0,0,0,0,-0.2,57.8,0.4,5.9,18.3,3770307,46,
2020-12-01,155,0,0,0,0,0,1.1,44.5,0.3,5.4,18.3,3784699,42,
2020-12-02,193,0,0,0,0,0,2.4,41.4,2.2,5.4,18.3,3836397,43,
2020-12-03,262,0,0,0,0,0,0.7,47.1,1.2,5.4,18.3,3800296,36,
2020-12-04,295,0,0,0,0,0,-0.6,53.8,-0.3,4.9,18.3,3852774,45,
2020-12-05,235,0,0,0,0,0,2.1,63.1,0.5,4.5,18.2,2252713,55,
2020-12-06,254,0,0,0,0,0,4.5,66.9,2.1,4.7,18.2,1530205,74,
2020-12-07,244,0,0,0,0,0,3.4,57.5,3.1,5.3,18.2,3713751,79,
2020-12-08,214,0,0,0,0,0,-0.5,50,0.1,5,18.2,3595074,35,
2020-12-09,270,0,0,0,0,0,1.5,55.1,-0.3,4.3,18.2,3570912,55,
2020-12-10,251,0,0,0,0,0,5.8,69.9,3.9,4.5,18.1,3574203,112,
2020-12-11,252,0,0,0,0,0,5.3,77.1,3.3,5.3,18.1,3626340,112,
2020-12-12,362,0,0,0,0,0,2.3,51.3,1.8,5.4,18.1,2003596,71,
2020-12-13,399,0,0,0,0,0,-1.1,74.9,0.5,4.9,18.1,1242973,51,
2020-12-14,219,0,0,0,0,0,-7.7,49.1,-1.9,4.1,18.1,3318500,31,
2020-12-15,251,0,0,0,0,0,-8.3,43,-3.7,3.2,18,3301175,24,
2020-12-16,378,0,0,0,0,0,-8.3,43.9,-4.3,2.7,18,3274224,29,
2020-12-17,423,0,0,0,0,0,-4.9,47,-3.7,2.3,18,3310744,34,
2020-12-18,398,0,0,0,0,0,-2.1,57,-1.3,2,17.9,3454822,47,
2020-12-19,384,0,0,0,0,0,-5.1,45.1,-3.5,2,17.9,1853735,35,
2020-12-20,473,0,0,0,0,0,-3.7,50.4,-3.3,1.8,17.9,1221748,34,
2020-12-21,328,0,0,0,0,0,-1,64.1,-2.4,1.6,17.9,3399886,56,
2020-12-22,317,0,0,0,0,0,2,67.6,-0.4,1.6,17.8,3428730,74,
2020-12-23,376,0,0,0,0,0,4.5,76.6,0.4,1.5,17.8,3440194,103,
2020-12-24,319,0,0,0,0,0,2.6,61.5,0.7,1.6,17.8,3436812,85,
2020-12-25,552,0,0,0,0,0,-0.8,51.9,-1.4,1.6,17.7,1428932,37,
2020-12-26,466,0,0,0,0,0,2.2,65.8,-0.6,1.6,17.7,1655383,80,
2020-12-27,362,0,0,0,0,0,5.8,62.9,1.4,1.7,17.7,1158818,95,
2020-12-28,301,0,0,0,0,0,6.7,72.1,2.7,2.1,17.6,3330566,94,
2020-12-29,523,0,0,0,0,0,0.1,70.8,-0.1,2.7,17.6,3351945,96,
2020-12-30,387,0,0,0,0,0,-10.9,55.5,-4.4,2.4,17.6,3225377,47,
2020-12-31,366,0,0,0,0,0,-8.9,53.9,-5,1.8,17.5,3058216,34,
2021-01-01,359,0,0,0,0,0,-4.2,64,-3.4,1.4,17.5,968534,36,
2021-01-02,251,0,0,0,0,0,-5,38.5,-3.9,1.2,17.5,1535446,43,
2021-01-03,197,0,0,0,0,0,-5.6,45,-4.9,1,17.4,1168769,47,
2021-01-04,329,0,0,0,0,0,-3.5,51.4,-3.3,0.8,17.4,3455939,50,
2021-01-05,199,0,0,0,0,0,-5.5,52.8,-3.2,0.8,17.3,3464498,37,
2021-01-06,264,0,0,0,0,0,-7.4,54.6,-4,0.6,17.3,3628215,30,
2021-01-07,298,0,0,0,0,0,-14.5,49.9,-6.1,0.5,17.3,3692397,56,
2021-01-08,191,0,0,0,0,0,-14.9,44,-9.3,0.1,17.2,3456335,27,
2021-01-09,188,0,0,0,0,0,-12.2,46.3,-8.4,-0.3,17.2,1901096,33,
2021-01-10,187,0,0,0,0,0,-7.7,54.4,-6.1,-0.6,17.1,1254968,48,
2021-01-11,141,0,0,0,0,0,-6.7,62.1,-5.5,-0.6,17.1,3514134,63,
2021-01-12,167,0,0,0,0,0,-3.9,79.5,-4.1,-0.7,17.1,3806570,88,
2021-01-13,152,0,0,0,0,0,2,80.3,0,-0.4,17,3703939,146,
2021-01-14,134,0,0,0,0,0,1.7,46.5,-0.2,-0.2,17,3653984,100,
2021-01-15,127,0,0,0,0,0,4.5,67.4,0.7,-0.2,16.9,3687980,109,
2021-01-16,156,0,0,0,0,0,-4.9,59.3,-1.6,-0.1,16.9,2156686,69,
2021-01-17,145,0,0,0,0,0,-5.5,58.5,-3.9,-0.1,16.9,1400200,29,
2021-01-18,132,0,0,0,0,0,-3.8,64.3,-3.3,-0.1,16.8,3787153,53,
2021-01-19,101,0,0,0,0,0,-6.3,37.9,-4.8,-0.3,16.8,3686257,43,
2021-01-20,143,0,0,0,0,0,-0.1,37.8,-2,-0.5,16.7,3858048,59,
2021-01-21,125,0,0,0,0,0,4.5,64.4,0.7,-0.2,16.7,3786883,72,
2021-01-22,115,0,0,0,0,0,5.5,92.9,1.9,-0.2,16.6,3884431,71,
2021-01-23,127,0,0,0,0,0,7.6,66,3.6,-0.1,16.6,2372854,71,
2021-01-24,133,0,0,0,0,0,7.3,63.9,3,-0.1,16.5,1615372,20,
2021-01-25,102,0,0,0,0,0,7.9,62,3.3,-0.1,16.5,3867734,34,
2021-01-26,104,0,0,0,0,0,5.3,80.4,2,-0.1,16.5,3843650,70,
2021-01-27,129,0,0,0,0,0,1.7,47.6,1.6,0,16.4,3982700,50,
2021-01-28,105,0,0,0,0,0,-2.6,52.3,-0.3,0.1,16.4,3873578,51,
2021-01-29,112,0,0,0,0,0,-8.8,40,-1.7,0.2,16.3,3835604,32,
2021-01-30,154,0,0,0,0,0,-1.6,60,-0.3,0.4,16.3,2400176,74,
2021-01-31,101,0,0,0,0,0,3.2,57,0.1,0.5,16.2,1649874,75,
2021-02-01,107,0,0,0,0,0,5,74.5,1.6,0.7,16.2,3928712,99,
2021-02-02,128,0,0,0,0,0,-5.6,44.1,-0.6,0.7,16.1,3935945,39,
2021-02-03,188,0,0,0,0,0,-3.2,64.6,-1.4,0.7,16.1,4098132,49,
2021-02-04,172,0,0,0,0,0,-3.6,50.1,-0.3,0.7,16.1,4052857,35,
2021-02-05,126,0,0,0,0,0,1.4,71.8,0.2,0.7,16,4129121,41,
2021-02-06,143,0,0,0,0,0,6.8,80.4,2.2,0.7,16,2535419,108,
2021-02-07,144,0,0,0,0,0,3.6,67,3.2,0.9,15.9,1725587,118,
2021-02-08,112,0,0,0,0,0,-3.1,43.6,0.2,1.2,15.9,4048222,34,
2021-02-09,90,0,0,0,0,0,-0.9,51.9,0.5,1,15.8,4096912,31,
2021-02-10,175,0,0,0,0,0,3.4,75.1,0.7,1,15.8,3905043,56,
2021-02-11,183,0,0,0,0,0,5.5,71.5,2.8,1.2,15.7,1461380,106,
2021-02-12,158,0,0,0,0,0,6.5,60.6,4.2,2,15.7,993781,123,
2021-02-13,136,0,0,0,0,0,7.6,50.6,4.5,2.9,15.6,1657371,116,
2021-02-14,152,0,0,0,0,0,9.5,47.6,5.6,4,15.6,1632746,115,
2021-02-15,151,0,0,0,0,0,1.2,65.1,3.7,4.6,15.6,3882669,78,
2021-02-16,161,0,0,0,0,0,-5.1,57.9,-1.7,3.4,15.5,4054541,36,
2021-02-17,258,0,0,0,0,0,-8.3,44.1,-2.1,2.2,15.5,3993300,64,
2021-02-18,185,0,0,0,0,0,-5.8,44.9,-1.3,1.6,15.4,4030134,58,
2021-02-19,180,0,0,0,0,0,1.6,66.9,0.5,1.2,15.4,4237506,67,
2021-02-20,123,0,0,0,0,0,8.8,60.4,4,1.2,15.3,2745518,99,
2021-02-21,130,0,0,0,0,0,10.8,66.6,5.5,1.9,15.3,1908991,108,
2021-02-22,106,0,0,0,0,0,7.8,58.3,6.5,4.2,15.2,4132151,69,
2021-02-23,126,0,0,0,0,0,0,34,2.9,4.1,15.2,4161730,69,
2021-02-24,144,0,0,0,0,0,2.9,33,3.6,3.5,15.2,4211807,66,
2021-02-25,122,0,0,0,0,0,4.2,35.1,1.6,3.6,15.1,4185191,73,
2021-02-26,132,0,0,0,0,0,8.2,35,5.1,3.5,15.1,4339593,42,
2021-02-27,131,0,0,0,0,0,9.5,48.6,7,4.6,15,2858042,23,
2021-02-28,120,0,0,0,0,0,7.8,49,5.4,5.3,15,2070575,32,
2021-03-01,92,0,0,0,0,0,4.7,91,4.7,5.5,14.9,1659667,32,
2021-03-02,122,0,0,0,0,0,2.3,75.9,5.4,4.9,14.9,4174216,18,
2021-03-03,119,0,0,0,0,0,4.4,64.4,4.5,4.9,14.9,4251395,57,
2021-03-04,118,0,0,0,0,0,7.2,62.4,6.2,5.1,14.8,4231787,66,
2021-03-05,129,0,0,0,0,0,9,70.3,9.1,5.7,14.8,4451820,56,
2021-03-06,128,0,0,0,0,0,6.6,69.5,7.1,6.6,14.7,2887944,39,
2021-03-07,132,0,0,0,0,0,6.2,62.9,7.9,6.5,14.7,2016249,37,
2021-03-08,100,0,0,0,0,0,7,60.3,8.1,6.7,14.7,4188238,55,
2021-03-09,102,0,0,0,0,0,6.6,58.5,6.9,6.8,14.6,4274479,63,
2021-03-10,138,0,0,0,0,0,8.8,61.8,9,6.8,14.6,4316362,129,
2021-03-11,138,0,0,0,0,0,10.2,50.8,9.8,7.4,14.6,4274046,156,
2021-03-12,140,0,0,0,0,0,10.5,57,8.7,8.1,14.5,4403042,89,
2021-03-13,140,0,0,0,0,0,9.2,62.8,9.9,8.1,14.5,2958517,74,
2021-03-14,112,0,0,0,0,0,9.1,71.4,10.9,8.4,14.4,2037147,117,
2021-03-15,112,0,0,0,0,0,10.6,68.8,10.3,8.8,14.4,4183946,128,
2021-03-16,79,0,0,0,0,0,8.4,52.5,11.8,9.4,14.4,4270991,129,
2021-03-17,120,0,0,0,0,0,8.8,44.9,10.4,9,14.3,4337220,121,
2021-03-18,124,0,0,0,0,0,11.7,50.1,11.6,9.2,14.3,4324152,132,
2021-03-19,146,0,0,0,0,0,15.3,47.9,15,10.2,14.3,4517202,85,
2021-03-20,120,0,0,0,0,0,9.9,74.6,9.8,10.9,14.2,2721062,46,
2021-03-21,125,0,0,0,0,0,5.8,65.9,7.6,9.8,14.2,2060800,58,
2021-03-22,109,0,0,0,0,0,6.2,55.3,9,8.7,14.2,4216597,50,
2021-03-23,97,0,0,0,0,0,9.1,63.5,10.6,8.8,14.1,4326834,108,
2021-03-24,137,0,0,0,0,0,10.8,61.5,11.7,9.4,14.1,4351355,89,
2021-03-25,127,0,0,0,0,0,11.9,68.5,13.5,10.3,14.1,4379837,95,
2021-03-26,122,0,0,0,0,0,12.6,58.4,13.4,10.8,14,4535132,159,
2021-03-27,127,0,0,0,0,0,12.1,70.9,10.5,10.9,14,2777033,107,
2021-03-28,138,0,0,0,0,0,9,95.8,10.2,10.6,14,1876202,107,
2021-03-29,107,0,0,0,0,0,10.2,62.3,11.4,10.5,14,4221712,389,
2021-03-30,145,0,0,0,0,0,10.8,47.3,12.6,10.5,13.9,4350881,189,
2021-03-31,158,0,0,0,0,0,14.5,41,14.2,10.9,13.9,4416845,50,
2021-04-01,199,0,0,0,0,0,17.7,33,14.4,11.9,13.9,4391365,52,
2021-04-02,167,0,0,0,0,0,17.8,35.6,15.3,12.6,13.8,4535128,57,
2021-04-03,155,0,0,0,0,0,14.9,80.8,13.9,13.3,13.8,2532304,51,
2021-04-04,149,0,0,0,0,0,11.9,65.8,13.1,13.1,13.8,2049373,51,
2021-04-05,152,0,0,0,0,0,11.9,47.9,14.5,12.7,13.8,4289456,30,
2021-04-06,147,0,0,0,0,0,13.9,50.9,15.2,13,13.7,4372935,54,
2021-04-07,198,0,0,0,0,0,14.1,47.5,15.4,13.3,13.7,4335068,72,
2021-04-08,244,0,0,0,0,0,13,34,15.1,13.3,13.7,4352297,41,
2021-04-09,215,0,0,0,0,0,13.6,39.3,15,13.2,13.7,4485721,42,
2021-04-10,201,0,0,0,0,0,12.6,50,15.2,13.6,13.6,3004343,45,
2021-04-11,214,0,0,0,0,0,15,45.4,15.9,13.6,13.6,2086338,59,
2021-04-12,162,0,0,0,0,0,13.8,70.4,13.2,14.1,13.6,4106324,62,
2021-04-13,158,0,0,0,0,0,10.4,74,14.5,13.6,13.6,4272762,24,
2021-04-14,247,0,0,0,0,0,8.4,58.5,13.3,12.9,13.6,4319384,50,
2021-04-15,217,0,0,0,0,0,11.6,62.3,14.9,13,13.5,4311799,71,
2021-04-16,216,0,0,0,0,0,11.3,60,12.6,13.3,13.5,4293982,103,
2021-04-17,217,0,0,0,0,0,9.6,56.6,12.2,12.4,13.5,2802982,105,
2021-04-18,205,0,0,0,0,0,9.9,64.3,14,12.1,13.5,2017853,50,
2021-04-19,137,0,0,0,0,0,12.2,65.3,15.6,12.8,13.5,4173090,69,
2021-04-20,148,0,0,0,0,0,14.8,55.1,17.3,13.7,13.5,4301653,78,
2021-04-21,218,291857,13543,0,0,0,19.1,43.1,19.8,14.6,13.5,4328442,81,
2021-04-22,230,317386,15901,0,0,0,20.9,37.9,20.1,15.9,13.4,4292717,78,
2021-04-23,204,345764,18376,0,0,0,19,41.4,17.1,16.3,13.4,4401271,41,
2021-04-24,253,350427,18513,0,0,0,18.3,43,17.7,15.9,13.4,2903209,24,
2021-04-25,175,350631,18513,0,0,0,18.2,50,21.4,16,13.4,2048635,26,
2021-04-26,154,379120,21910,0,0,0,16.2,51.8,20.1,16.5,13.4,4238239,29,
2021-04-27,116,403093,25631,0,0,0,15.4,62.4,17.3,16.4,13.4,4304630,35,
2021-04-28,259,438269,27699,0,0,0,14.5,64.1,16.3,16.1,13.4,4342403,58,
2021-04-29,227,472376,31620,0,0,0,14.6,54.1,16.9,15.7,13.4,4348063,59,
2021-04-30,227,511162,35900,0,0,0,11.3,81.8,12.8,15.2,13.4,4467004,40,
2021-05-01,195,519845,36591,0,0,0,10.2,80.8,12.4,14.5,13.4,2702536,33,
2021-05-02,182,520200,36591,0,0,0,12.4,67.9,16.8,14.3,13.4,2119082,19,
2021-05-03,127,540404,41624,0,0,0,14.1,56.4,17.3,15,13.4,4296839,41,
2021-05-04,184,559605,46290,0,0,0,13.8,82.6,13.5,15.3,13.4,4260267,36,
2021-05-05,238,563044,47940,0,0,0,13.9,64.4,17.6,15.3,13.4,2491854,38,
2021-05-06,212,574583,59707,0,0,0,15.7,46.4,16.8,15.6,13.4,4365254,56,
2021-05-07,179,592073,70926,0,0,0,14.4,60.3,15.5,15.8,13.4,4387287,298,
2021-05-08,242,589744,73003,0,0,0,14.3,66.1,16.9,15.6,13.4,2580635,384,
2021-05-09,195,591040,73295,0,0,0,15.7,51.3,18.2,15.9,13.4,2093891,47,
2021-05-10,141,594975,85775,0,0,0,13.2,67.9,13.5,15.9,13.4,4185603,26,
2021-05-11,163,598266,98810,0,0,0,18.5,48.9,18.7,15.4,13.4,4410258,24,
2021-05-12,223,600548,112781,0,0,0,22,39.5,21.7,17,13.4,4433192,24,
2021-05-13,227,604185,125220,0,0,0,22.9,54.4,24.6,18.5,13.4,4412229,46,
2021-05-14,231,609382,137973,0,0,0,24.1,60.3,25.2,19.7,13.4,4582813,58,
2021-05-15,254,610338,141769,0,0,0,22.1,79.5,22.9,20.5,13.4,2862226,66,
2021-05-16,213,610403,141769,0,0,0,18.4,97.6,19.6,20.2,13.4,1719385,14,
2021-05-17,195,613630,154898,0,0,0,15.3,93,17.4,18.9,13.4,4188062,16,
2021-05-18,172,616699,171720,0,0,0,17.9,70.5,20.2,18.5,13.4,4549931,39,
2021-05-19,249,616705,175445,0,0,0,19.9,52.3,22.3,19.3,13.4,2654539,41,
2021-05-20,242,619017,198625,0,0,0,18.7,59.8,17.9,19.5,13.4,4284765,27,
2021-05-21,172,621463,227493,0,0,0,16,86.5,17.4,18.6,13.5,4442018,22,
2021-05-22,208,623941,231820,0,0,0,18.6,69.3,21.8,18.6,13.5,3065771,40,
2021-05-23,181,623942,231821,0,0,0,19.5,64.4,21,19.5,13.5,2094205,52,
2021-05-24,139,631695,253528,0,0,0,19.4,61,22.8,19.9,13.5,4287425,110,
2021-05-25,138,639483,274749,0,0,0,15.3,72.3,17.9,19.9,13.5,4332661,86,
2021-05-26,262,650432,291118,0,0,0,18,58.5,18.8,19,13.5,4424834,44,
2021-05-27,218,772541,304336,0,0,0,15.8,83,16.4,18.7,13.5,4243806,53,
2021-05-28,214,877710,321446,0,0,0,15.3,86,17.4,17.7,13.5,4350419,53,
2021-05-29,194,911559,325079,0,0,0,15.4,79.8,18.1,17.8,13.5,2927186,31,
2021-05-30,160,912517,325079,0,0,0,18.4,73,21.9,17.8,13.5,2123840,31,
2021-05-31,130,988327,333469,0,0,0,19.9,78.9,21.1,19.3,13.6,4175167,59,
2021-06-01,147,1092306,340624,0,0,0,20.2,74.6,21.1,19.7,13.6,4266397,52,
2021-06-02,258,1165736,346936,0,0,0,23.2,64.4,25,20.3,13.6,4319461,62,
2021-06-03,215,1232478,355399,0,0,0,19.1,80.8,20.4,21,13.6,4185517,45,
2021-06-04,206,1309610,365789,0,0,0,18.5,69.4,22.7,20.2,13.6,4493572,34,
2021-06-05,277,1341398,366926,0,0,0,20.8,68.1,22.2,20.8,13.6,2983236,57,
2021-06-06,179,1341990,366927,0,0,0,23,69.6,25,21.5,13.6,2039094,72,
2021-06-07,159,1500832,372339,0,0,0,21.1,71.5,21.1,21.9,13.7,4171944,43,
2021-06-08,139,1636992,377030,0,0,0,23.6,69.6,25.4,21.6,13.7,4283415,57,
2021-06-09,183,1746392,380200,0,0,0,25.8,59.1,26.5,22.6,13.7,4306422,44,
2021-06-10,213,1900981,448684,0,0,0,24.9,68.5,25.5,23.4,13.7,4309582,59,
2021-06-11,204,2070561,504526,0,0,0,21.5,84.5,23.8,22.8,13.7,4308287,29,
2021-06-12,208,2157602,533379,0,0,0,24.2,74.6,27.3,22.8,13.8,2889649,34,
2021-06-13,176,2163259,535930,0,0,0,24.8,72.6,27.9,24,13.8,1998420,36,
2021-06-14,122,2309534,589320,0,0,0,24.8,68.8,27.8,24.4,13.8,4195448,54,
2021-06-15,132,2437954,627708,0,0,0,22.5,79.1,23.3,24.3,13.8,4232684,40,
2021-06-16,201,2554809,685532,0,0,0,24.3,59.9,27.3,23.5,13.8,4375191,19,
2021-06-17,201,2637993,711572,0,0,0,21.9,71.4,23.4,23.7,13.9,4348527,26,
2021-06-18,200,2732982,739623,0,0,0,20,92.1,21.6,22.9,13.9,4385229,32,
2021-06-19,197,2774543,747652,0,0,0,22.3,74,26.1,22.7,13.9,3039166,65,
2021-06-20,165,2774797,747880,0,0,0,22.9,73.3,26.9,23.5,13.9,2099968,65,
2021-06-21,134,2781609,770137,0,0,0,23.6,67,28.1,24.1,13.9,4344931,56,
2021-06-22,132,2792660,791467,0,0,0,22.8,67.9,25.8,24.4,14,4415706,33,
2021-06-23,236,2802006,813666,0,0,0,22.4,70.5,26.9,24.1,14,4421299,22,
2021-06-24,252,2811191,835878,0,0,0,23,71.1,25.2,23.8,14,4460515,40,
2021-06-25,269,2821282,858697,0,0,0,24.1,69,28,24,14,4592624,52,
2021-06-26,263,2825885,865395,0,0,0,22.8,78.5,25,24.5,14.1,2935387,32,
2021-06-27,242,2825862,865395,0,0,0,24.5,72.1,27.8,24.3,14.1,2129900,26,
2021-06-28,185,2829341,887508,0,0,0,23.7,76.4,25,24.4,14.1,4273647,28,
2021-06-29,205,2833050,914519,0,0,0,23.9,78.6,26.4,24.3,14.1,4401347,38,
2021-06-30,375,2837158,941358,0,0,0,24.3,77.9,26.3,24.3,14.1,4386692,53,
2021-07-01,334,2838855,964356,0,0,0,26.3,70.9,27.4,24.8,14.2,4414782,42,
2021-07-02,347,2840470,989375,0,0,0,27.1,64.1,27.2,25.4,14.2,4537296,27,
2021-07-03,359,2841238,997938,0,0,0,22.6,80,23.5,25.4,14.2,2756777,16,
2021-07-04,289,2841244,998134,0,0,0,21.4,96.8,22.2,23.5,14.2,1777617,15,
2021-07-05,307,2854873,1008177,0,0,0,23.3,80.3,24.6,23.3,14.3,4341024,29,
2021-07-06,320,2862693,1025199,0,0,0,25.3,73.4,26.8,24.1,14.3,4427904,50,
2021-07-07,583,2869885,1041173,0,0,0,26.4,78.5,26.6,25,14.3,4277407,57,
2021-07-08,550,2877851,1058784,0,0,0,26,81.6,27,25.4,14.4,4136358,33,
2021-07-09,503,2892191,1083665,0,0,0,25.5,77.3,27,25.7,14.4,4147432,21,
2021-07-10,509,2896137,1096559,0,0,0,25.9,80.4,26.9,25.8,14.4,2396704,37,
2021-07-11,509,2896204,1096845,0,0,0,25.7,86.8,26.3,26,14.5,1595908,43,
2021-07-12,403,2902429,1110216,0,0,0,28.1,75.1,29,26,14.5,3718139,32,
2021-07-13,417,2922594,1130848,0,0,0,28.8,76.1,28.5,26.9,14.5,3724902,41,
2021-07-14,638,2946540,1152859,0,0,0,29.7,71.4,30.6,27.2,14.6,3685339,27,
2021-07-15,520,2972281,1176298,0,0,0,29.1,71.1,31.8,27.9,14.6,3631566,24,
2021-07-16,570,2998367,1203490,0,0,0,28.8,68.4,32.5,28.2,14.6,3702065,21,
2021-07-17,562,3000991,1216426,0,0,0,29.1,63.1,32.4,28.4,14.7,2182566,19,
2021-07-18,523,3008122,1216767,0,0,0,29.6,62.5,33.1,28.5,14.7,1498154,22,
2021-07-19,419,3039867,1226600,0,0,0,26.4,80.1,28,27.7,14.7,3638791,22,
2021-07-20,394,3071180,1237904,0,0,0,27.9,75.8,28.9,27,14.8,3719928,24,
2021-07-21,604,3102494,1245273,0,0,0,30.5,64,30.5,27.5,14.8,3678386,26,
2021-07-22,499,3134191,1254560,0,0,0,31.2,59.8,31.4,28.3,14.8,3632533,29,
2021-07-23,520,3162205,1266249,0,0,0,31.2,61.8,32.2,29,14.9,3714372,37,
2021-07-24,465,3168820,1268896,0,0,0,31.7,57.4,32.6,29.4,14.9,2177871,37,
2021-07-25,489,3168908,1268914,0,0,0,31.5,55.8,34.2,29.7,14.9,1471657,28,
2021-07-26,341,3297521,1283718,0,0,0,31.2,54.9,35.3,29.9,15,3625150,29,
2021-07-27,351,3372307,1293099,0,0,0,31.1,60.5,33.3,29.9,15,3645692,29,
2021-07-28,573,3458804,1302735,0,0,0,30.4,67.4,33.5,29.6,15,3629482,38,
2021-07-29,515,3519568,1310875,0,0,0,29.6,69.9,31.3,29.3,15.1,3584694,46,
2021-07-30,488,3600688,1325451,0,0,0,30.5,63.1,33.5,29.2,15.1,3649660,30,
2021-07-31,476,3640808,1329899,0,0,0,29.8,69.9,31.6,29.5,15.2,2142812,25,
2021-08-01,473,3646552,1329967,0,0,0,27.1,81.8,28.3,29.1,15.2,1465559,40,
2021-08-02,365,3724642,1337105,0,0,0,26.5,82.6,27.8,28.2,15.2,3437328,20,
2021-08-03,311,3760901,1357865,0,0,0,28,76.9,29,27.9,15.3,3500896,27,
2021-08-04,486,3787227,1381042,0,0,0,28.9,70.6,29.9,28.3,15.3,3531396,25,
2021-08-05,466,3818469,1406907,0,0,0,29.4,68.1,30.7,28.6,15.3,3619389,25,
2021-08-06,464,3860574,1437142,0,0,0,28.1,68.4,33.8,28.7,15.4,3659710,19,
2021-08-07,503,3884200,1446093,0,0,0,28,65,35.3,28.5,15.4,2282803,17,
2021-08-08,450,3890343,1446195,0,0,0,26.8,74.8,28.9,28.4,15.5,1549999,23,
2021-08-09,415,3961449,1481476,0,0,0,28.3,62.4,31.7,27.8,15.5,3703189,16,
2021-08-10,360,4010500,1515914,0,0,0,27.7,62.5,31.1,28.1,15.5,3763334,21,
2021-08-11,661,4041944,1551492,0,0,0,27.4,70.3,31.5,28,15.6,3740522,39,
2021-08-12,526,4070622,1686971,0,0,0,26.8,67.1,29.6,27.9,15.6,3718799,37,
2021-08-13,524,4115097,1808837,0,0,0,26.6,70.4,28.8,27.5,15.7,3753898,29,
2021-08-14,515,4145096,1848314,0,0,0,26.1,63.9,29.6,27.4,15.7,2332190,16,
2021-08-15,488,4149042,1849485,0,0,0,26.9,59.6,30.6,27.2,15.7,1690735,18,
2021-08-16,364,4273365,1900836,0,0,0,27.3,61.1,33.6,27.6,15.8,2195173,23,
2021-08-17,366,4405330,1995627,0,0,0,25.9,65,30.6,27.8,15.8,3821937,22,
2021-08-18,510,4500520,2058630,0,0,0,24.3,69.6,25.1,27,15.9,3803511,19,
2021-08-19,575,4587049,2116503,0,0,0,26,57.1,29.1,26.5,15.9,3862663,18,
2021-08-20,556,4704843,2183532,0,0,0,26.6,63.6,28.9,26.9,15.9,3919434,24,
2021-08-21,526,4771762,2210176,0,0,0,23.8,88.1,25.7,26.4,16,2168737,23,
2021-08-22,499,4780478,2210777,0,0,0,24.4,81.5,24.7,25.6,16,1737883,28,
2021-08-23,388,4856923,2342494,0,0,0,22.4,89.3,22.9,25.3,16.1,3779575,36,
2021-08-24,438,4929671,2450543,0,0,0,23.4,93.6,24,24.7,16.1,3781548,19,
2021-08-25,677,4994132,2533738,0,0,0,25,85.5,26.7,25,16.2,3940253,21,
2021-08-26,570,5111802,2599571,0,0,0,25.5,84.9,25.9,25.4,16.2,3930039,48,
2021-08-27,557,5224286,2702208,0,0,0,22.4,83.5,23.1,25.4,16.2,3912922,36,
2021-08-28,569,5276953,2752565,0,0,0,23.6,80.4,25.1,24.7,16.3,2578658,45,
2021-08-29,517,5280462,2755524,0,0,0,23.7,82.6,24.3,25.2,16.3,1804905,42,
2021-08-30,444,5364255,2863236,0,0,0,24.2,77.5,25.3,25.1,16.3,3921468,46,
2021-08-31,456,5415837,2959659,0,0,0,20.5,93.3,21.2,24.7,16.4,3832213,37,
2021-09-01,665,5450266,3054297,0,0,0,21.4,83.1,22.4,22.9,16.4,3917504,9,
2021-09-02,559,5489715,3142962,0,0,0,23.5,70.3,24.4,23.4,16.5,3954652,17,
2021-09-03,542,5534916,3256323,0,0,0,24.3,60.3,26.7,24.1,16.5,4116131,17,
2021-09-04,566,5557393,3299212,0,0,0,23.2,57,25.7,24.4,16.6,2721679,12,
2021-09-05,508,5558869,3300807,0,0,0,23.1,61.1,23.8,24.2,16.6,1909510,14,
2021-09-06,464,5704290,3417102,0,0,0,22.3,70.1,23.2,24,16.7,3984772,19,
2021-09-07,482,5816238,3497620,0,0,0,19.6,98.1,20.4,23.1,16.7,3834363,14,
2021-09-08,671,5890223,3552387,0,0,0,22.2,81.3,23.7,23,16.7,4087634,15,
2021-09-09,667,5981858,3603102,0,0,0,23.5,76.5,25.5,23.6,16.8,4063194,40,
2021-09-10,670,6105756,3675621,0,0,0,23.6,76,25.6,24.1,16.8,4160705,41,
2021-09-11,659,6167426,3716811,0,0,0,24,73.1,25.8,24.4,16.9,2814676,36,
2021-09-12,658,6171056,3721786,0,0,0,24.2,64.6,26.4,24.6,16.9,1994357,21,
2021-09-13,556,6340285,3790493,0,0,0,24.8,67.1,26.9,24.6,16.9,4042511,25,
2021-09-14,539,6461888,3825878,0,0,0,24.6,63.3,27.8,24.8,17,4099052,20,
2021-09-15,808,6541079,3898145,0,0,0,23.6,57.5,27,24.7,17,4188861,16,
2021-09-16,719,6632640,3951930,0,0,0,22.9,61.1,26.6,24.4,17,4177038,14,
2021-09-17,746,6757122,4034022,0,0,0,23.5,61.4,27.6,24.4,17.1,4206727,16,
2021-09-18,703,6829542,4074223,0,0,0,23.9,65.1,29.4,24.4,17.1,2530754,16,
2021-09-19,742,6857961,4074327,0,0,0,23.7,62.9,26.8,24.6,17.1,1786674,14,
2021-09-20,583,6861616,4076910,0,0,0,23.7,63.6,29,24.3,17.2,1426756,15,
2021-09-21,676,6864518,4079491,0,0,0,22,85.1,23.9,24.1,17.2,1107924,22,
2021-09-22,644,6869476,4083668,0,0,0,20.2,79,22,23.2,17.2,1698737,18,
2021-09-23,645,6976646,4164701,0,0,0,20.9,67.3,22.7,22.8,17.3,3806417,18,
2021-09-24,907,7087986,4250234,0,0,0,21.8,67.5,23.1,22.8,17.3,4063087,20,
2021-09-25,1222,7145818,4297136,0,0,0,21.2,72.6,21.1,22.9,17.3,2671387,12,
2021-09-26,928,7149465,4302483,0,0,0,22.6,63,23.9,22.8,17.4,1891878,10,
2021-09-27,778,7228337,4442337,0,0,0,21.6,66,21.6,23,17.4,4052939,14,
2021-09-28,842,7274915,4575154,0,0,0,21.5,75.1,22.5,23,17.4,4077649,14,
2021-09-29,1054,7314953,4681112,0,0,0,20.2,93.5,21.1,22.9,17.4,3944322,19,
2021-09-30,945,7382559,4786032,0,0,0,20.3,83.9,22.2,22.4,17.5,4124342,26,
2021-10-01,916,7423508,4942880,0,0,0,21.1,75.8,22.9,22.5,17.5,4235510,39,
2021-10-02,793,7444944,5023350,0,0,0,20.7,77.1,23.2,22.5,17.5,2826306,39,
2021-10-03,736,7445243,5029684,0,0,0,22.3,69.5,22.9,22.6,17.5,2070990,39,
2021-10-04,574,7450028,5071302,0,0,0,22.9,81,21.7,22.5,17.6,2281765,36,
2021-10-05,521,7458216,5218486,0,0,0,23.6,82.4,23.2,22.8,17.6,4107592,32,
2021-10-06,690,7464613,5314014,0,0,0,18.8,91.5,20.2,22.8,17.6,4077366,12,
2021-10-07,837,7471415,5353493,0,0,0,19.4,85.5,20.6,22.1,17.6,4108719,17,
2021-10-08,776,7479069,5654619,0,0,0,18.8,91.3,19.8,21.8,17.7,4222920,28,
2021-10-09,712,7480266,5669744,0,0,0,20.9,83.5,20.5,21.6,17.7,2671387,13,
2021-10-10,583,7480597,5673019,0,0,0,19.9,89,20.6,21.8,17.7,1926172,24,
2021-10-11,511,7497044,5701291,0,0,0,15.2,78.6,18,21.1,17.7,2470806,24,
2021-10-12,482,7516070,5814018,0,0,0,17.9,67.1,18.2,20.4,17.7,4183585,14,
2021-10-13,583,7526430,5893191,280,0,0,19.6,66.6,19.3,20.2,17.8,4237211,16,
2021-10-14,748,7536654,5989111,488,0,0,19.7,73.6,20.9,20.7,17.8,4207826,24,
2021-10-15,681,7551829,6124432,929,0,0,19,74.4,20.1,20.9,17.8,4261411,26,
2021-10-16,586,7562283,6191341,953,0,0,10.7,47.5,13.8,20.2,17.8,2951680,30,
2021-10-17,506,7562468,6194826,953,0,0,5.6,37.4,10.5,17.5,17.8,1995240,21,
2021-10-18,355,7576118,6329932,1625,0,0,9.6,60.4,11.7,16.1,17.9,4057143,27,
2021-10-19,298,7583569,6423946,2218,0,0,10.9,72.8,13.9,16.4,17.9,4162759,43,
2021-10-20,504,7594490,6491721,3083,0,0,9.5,64.9,12.7,15.9,17.9,4298965,33,
2021-10-21,506,7604057,6583050,4434,0,0,9.8,64.1,12.2,15.4,17.9,4242148,35,
2021-10-22,519,7615645,6704753,6234,0,0,10.8,58.4,12.5,15.1,17.9,4362237,39,
2021-10-23,551,7625324,6771114,6292,0,0,11.4,57.3,12.5,15,17.9,3067036,39,
2021-10-24,520,7625652,6774072,6292,0,0,11.4,63.1,12.4,14.9,17.9,2167834,33,
2021-10-25,455,7641054,6857140,7822,0,0,11.7,64.5,12.7,14.8,18,4215911,31,
2021-10-26,427,7649640,6910102,9629,0,0,13,74.5,12.9,14.8,18,4327872,57,
2021-10-27,729,7662842,6956701,11665,0,0,13.4,63.4,13.9,15.3,18,4373620,59,
2021-10-28,788,7673374,7075798,13037,0,0,12.7,54.6,12.7,15,18,4348969,31,
2021-10-29,770,7684177,7197005,14661,0,0,14.6,55.9,13.9,15,18,4466171,22,
2021-10-30,706,7690845,7260745,15271,0,0,13.8,62.4,12.9,15.2,18,3183919,25,
2021-10-31,760,7691201,7264156,15305,0,0,14.1,73.3,14,15,18,2287184,40,
2021-11-01,646,7706849,7288535,22095,0,0,12.9,77.3,13.4,15.2,18,4260570,48,
2021-11-02,600,7715781,7305236,33357,0,0,11.5,76.6,12.4,14.8,18,4374918,47,
2021-11-03,1004,7725945,7319309,44234,0,0,12.1,71.1,12.3,14.5,18.1,4421827,49,
2021-11-04,946,7735719,7343803,52685,0,0,12.1,80.4,11.5,14.5,18.1,4408563,69,
2021-11-05,980,7747766,7371157,64067,0,0,13,68.5,12.3,14.1,18.1,4568374,74,
2021-11-06,916,7755658,7383008,68991,0,0,14.1,61.1,12.7,14.2,18.1,3255453,63,
2021-11-07,848,7755977,7383658,69107,0,0,15.3,57.5,13.1,14.3,18.1,2338648,32,
2021-11-08,709,7775901,7413617,110812,0,0,8.6,82.1,10,14.4,18.1,4094468,15,
2021-11-09,662,7784148,7435187,130550,0,0,4.9,80.3,6.8,12.7,18.1,4298147,13,
2021-11-10,973,7794346,7452506,147592,0,0,4.2,73.4,7,11.6,18.1,4484068,19,
2021-11-11,1004,7803662,7470547,168994,0,0,5.3,60.6,6.5,11,18.1,4480793,19,
2021-11-12,949,7816790,7495966,196327,0,0,4.5,55.4,6,10.4,18.1,4553076,20,
2021-11-13,1005,7826117,7512903,206938,0,0,7.3,66.1,6.5,9.9,18.1,3210474,25,
2021-11-14,978,7826385,7513491,207356,0,0,11.3,69.8,9.8,10.6,18.1,2265758,54,
2021-11-15,859,7838934,7530510,234489,0,0,10.1,71.3,9,11.1,18.1,4277672,50,
2021-11-16,846,7845313,7539835,255205,0,0,8.5,65.5,8,11,18.1,4412134,44,
2021-11-17,1436,7852307,7551221,275434,0,0,7.5,64.1,6.7,10.5,18.1,4464219,33,
2021-11-18,1429,7859506,7561352,297631,0,0,11.9,70.8,10.5,10.7,18.1,4389759,57,
2021-11-19,1401,7867795,7574735,323826,0,0,12.9,84.8,11.4,11.6,18.1,4557213,102,
2021-11-20,1377,7872544,7581985,332199,0,0,10.4,77,9.7,11.7,18.1,3183556,140,
2021-11-21,1320,7872641,7582301,332502,0,0,10.4,74.4,9.7,11.4,18.1,2234007,140,
2021-11-22,1278,7882008,7598973,363544,0,0,2.7,61.8,4.5,11,18.1,4315479,140,
2021-11-23,1165,7887218,7607270,386645,0,0,-0.6,60.9,1.6,9,18,4395893,23,
2021-11-24,1735,7893987,7617213,411051,0,0,4.1,64.3,2.3,7.9,18,4438156,25,
2021-11-25,1760,7900655,7628192,444766,0,0,5.7,55,5.1,8,18,4479553,40,
2021-11-26,1742,7909670,7643078,498855,0,0,2.9,57.5,1.9,7.6,18,4580148,25,
2021-11-27,1888,7915298,7651294,515111,0,0,3.4,53,2.8,7,18,3167936,41,
2021-11-28,1676,7915339,7651555,515771,0,0,5.1,52.4,3,6.7,18,2258736,59,
2021-11-29,1393,7921614,7670805,552580,0,0,7.6,62,5.4,7.1,18,4317481,66,
2021-11-30,1186,7925505,7679279,584975,0,0,5.7,80.4,5.7,7.8,18,4201279,31,
2021-12-01,2222,7929739,7689314,614720,0,0,-1.3,51.8,1.2,6.9,18,4370801,19,
2021-12-02,2268,7933770,7698119,649999,0,0,1.3,68.9,0.4,5.6,17.9,4334684,25,
2021-12-03,2099,7940840,7713303,707480,0,0,1.9,53.3,2.3,5.5,17.9,4481499,22,
2021-12-04,2273,7945451,7722859,730357,0,0,1.4,48.5,1.5,5.2,17.9,2967339,22,
2021-12-05,2032,7945695,7723156,731310,0,0,2.9,50.4,1.8,4.9,17.9,2076969,40,
2021-12-06,1408,7955953,7736180,794615,0,0,5.4,61.4,2.5,4.9,17.9,4202863,49,
2021-12-07,2120,7962979,7743802,849830,0,0,6.8,68.3,3.6,5.5,17.9,4282953,50,
2021-12-08,2901,7970030,7751421,905390,0,0,6.7,70,3.7,5.9,17.8,4283484,41,
2021-12-09,2790,7978215,7760751,988855,0,0,6.5,70.3,3.8,6,17.8,4249230,37,
2021-12-10,2800,7989408,7775785,1134791,0,0,7,81.5,5.2,6.4,17.8,4317288,33,
2021-12-11,2835,7994240,7782165,1197488,0,0,6,83.6,5.4,6.6,17.8,2863000,69,
2021-12-12,2528,7994449,7782371,1199359,0,0,1.2,61.8,2.8,6.6,17.8,2019603,42,
2021-12-13,2550,8008859,7795782,1344229,0,0,-2.2,43.8,-0.2,5.3,17.8,4046287,20,
2021-12-14,2062,8008859,7795782,1344229,0,0,3.7,64.9,2.3,4.5,17.7,4188823,36,
2021-12-15,3166,8034078,7815332,1663071,0,0,7.2,84.8,5.4,5.5,17.7,4235357,81,
2021-12-16,3057,8049235,7825944,1828394,0,0,6.4,71.6,5.4,6.1,17.7,4241526,85,
2021-12-17,2846,8068292,7840748,2048239,0,0,-5.6,50.5,-0.9,5.8,17.7,4319162,33,
2021-12-18,2794,8081114,7848461,2166369,0,0,-5.7,64.1,-2.6,4,17.6,2878685,26,
2021-12-19,2320,8081511,7848156,2173116,0,0,-0.8,63.8,-0.5,3.2,17.6,2086835,28,
2021-12-20,1908,8102651,7860254,2326441,0,0,5.2,77.9,1.4,3,17.6,4151115,52,
2021-12-21,1994,8116142,7868214,2448022,0,0,5.2,70.9,2.9,3.7,17.6,4290575,59,
2021-12-22,2805,8130240,7875779,2556957,0,0,2.2,47.4,0.8,3.9,17.5,4367974,34,
2021-12-23,2720,8142518,7882655,2658645,0,0,2.7,53.5,1,3.5,17.5,4377642,43,
2021-12-24,2346,8155785,7891397,2799633,0,0,-0.3,65.3,0.3,3.5,17.5,4417865,54,
2021-12-25,2123,8156579,7891675,2811221,0,0,-11.7,42.4,-4.4,3,17.5,2405047,26,
2021-12-26,1917,8157184,7891991,2816539,0,0,-12.1,43.5,-5.8,2.1,17.4,1784803,19,
2021-12-27,1496,8170476,7905709,2951272,0,0,-7.6,60.9,-4.7,1.6,17.4,3943406,33,
2021-12-28,1290,8178419,7914050,3058227,0,0,-4.1,73.8,-3.3,1.4,17.4,4149768,60,
2021-12-29,1915,8186171,7922272,3152648,0,0,0.4,72.9,-0.7,1.2,17.3,4270827,70,
2021-12-30,1722,8193446,7930253,3246655,0,0,-3.9,48.5,-2.7,1.2,17.3,4193776,30,
2021-12-31,1670,8202787,7940669,3375767,0,0,-6.7,35.9,-4.5,1.1,17.3,3886022,21,
2022-01-01,1464,8203031,7941012,3385648,0,0,-4.3,46.3,-3.7,0.9,17.2,1591251,34,
2022-01-02,1183,8203299,7941336,3389052,0,0,-1.3,57.9,-0.9,0.8,17.2,1808051,42,
2022-01-03,993,8198110,7945831,3477076,0,0,-1.9,58.3,-2.3,0.8,17.2,3958648,28,
2022-01-04,938,8202972,7955403,3540896,0,0,-2.5,51.8,-1.8,0.7,17.1,4106543,37,
2022-01-05,1412,8206489,7966424,3598300,0,0,-2.8,47.6,-2.8,0.7,17.1,4124783,52,
2022-01-06,1208,8209818,7978639,3664712,0,0,-2.2,47.1,-2.3,0.6,17.1,4169578,59,
2022-01-07,1038,8203031,7941012,3385648,0,0,-1.6,47.1,-2.3,0.5,17,4279391,65,
2022-01-08,994,8216475,8007678,3835015,0,0,0.3,64.3,-2.1,0.5,17,2830895,70,
2022-01-09,966,8216392,8008287,3837808,0,0,1.3,71.5,0.5,0.5,17,1972744,129,
2022-01-10,781,8221683,8026621,3915982,0,0,0.5,68.3,-0.9,0.5,16.9,4128535,97,
2022-01-11,755,8225014,8038001,3972202,0,0,-7.4,55.5,-2.3,0.5,16.9,4185627,33,
2022-01-12,1093,8227788,8049504,4019205,0,0,-7.7,47.8,-4.1,0.5,16.9,4140917,27,
2022-01-13,978,8230606,8060382,4080181,0,0,-6.4,45.8,-3.6,0.3,16.8,4171311,29,
2022-01-14,939,8234238,8073652,4175126,0,0,-4.8,41.8,-3.5,0.1,16.8,4266925,32,
2022-01-15,912,8235942,8078465,4230343,0,0,-1,48.3,-1.9,0,16.7,2862275,52,
2022-01-16,925,8235941,8078945,4233567,0,0,-2,54.5,-0.3,0.1,16.7,2041027,46,
2022-01-17,790,8239400,8090244,4304485,0,0,-5.8,59.9,-4.2,0.1,16.7,4165393,30,
2022-01-18,763,8241434,8097109,4349399,0,0,-5.6,47.9,-2.8,-0.1,16.6,4227589,38,
2022-01-19,1231,8243145,8103195,4385975,0,0,-5.3,72.3,-3.4,-0.2,16.6,4352992,56,
2022-01-20,1362,8244897,8109394,4438807,0,0,-5,63.5,-2.5,-0.2,16.6,4287757,46,
2022-01-21,1552,8247509,8118261,4519749,0,0,-2.7,55.6,-1.9,-0.2,16.5,4384789,44,
2022-01-22,1591,8248700,8121039,4566203,0,0,0.3,52.4,-0.3,-0.2,16.5,2941463,68,
2022-01-23,1694,8248713,8121284,4568382,0,0,2,52.4,0.4,-0.1,16.4,2063059,79,
2022-01-24,1679,8251502,8128558,4622026,0,0,4.6,56,0.8,-0.1,16.4,4199711,24,
2022-01-25,1724,8253058,8133400,4665071,0,0,2.8,80,0.9,-0.1,16.3,4250764,37,
2022-01-26,3178,8254731,8137405,4711323,0,0,1.3,62.8,1.3,0,16.3,4325173,66,
2022-01-27,3429,8256582,8141573,4771448,0,0,-1.1,50,0.3,0,16.3,4242039,64,
2022-01-28,3991,8259078,8147564,4860585,0,0,-2.7,51.6,-0.9,0.1,16.2,4176231,34,
2022-01-29,4199,8260439,8151371,4921495,0,0,-3.6,48.9,-1.5,0.1,16.2,2377461,32,
2022-01-30,4185,8260674,8151708,4926122,0,0,-2.8,45.4,-1.4,0.1,16.1,1701374,36,
2022-01-31,4193,8260854,8151966,4931033,0,0,-0.7,59,-0.7,0.1,16.1,1276068,41,
2022-02-01,4131,8260929,8152051,4931878,0,0,-1.3,76.6,-0.4,0.1,16.1,1098452,52,
2022-02-02,4209,8261034,8152209,4934581,0,0,-3.4,60.5,-0.6,0.1,16,1569222,35,
2022-02-03,5218,8264286,8160859,4994356,0,0,-3.4,52.4,-0.8,0.1,16,3725664,28,
2022-02-04,6160,8267281,8167419,5055856,0,0,-5.2,53.3,-2.6,0.1,15.9,3960546,25,
2022-02-05,8598,8268364,8170148,5091419,0,0,-6.6,48.8,-3.1,0,15.9,2476689,25,
2022-02-06,7821,8268394,8170256,5093656,0,0,-3.9,50.3,-1.5,-0.2,15.8,1757203,23,
2022-02-07,6888,8270822,8174675,5137756,0,0,-2.5,51.3,-1.6,-0.2,15.8,3969698,30,
2022-02-08,5910,8272128,8177290,5165994,0,0,-0.1,53.8,1.3,-0.2,15.8,4028190,33,
2022-02-09,11682,8273308,8179500,5192005,0,0,1,52.3,0.9,-0.1,15.7,4051667,44,
2022-02-10,11875,8274476,8181700,5229417,0,0,1.4,57.8,2.1,-0.1,15.7,4044266,55,
2022-02-11,11531,8276266,8185167,5280142,0,0,2.9,61.1,3.3,-0.1,15.6,4111695,104,
2022-02-12,13198,8276966,8186815,5308110,0,0,4.8,50.4,5.1,0,15.6,2715935,97,
2022-02-13,11824,8276991,8186884,5309465,0,0,4.8,44.9,2.2,0,15.6,1912752,60,
2022-02-14,11599,8280188,8190187,5344675,0,0,2.5,68.3,1.4,0.1,15.5,3968149,50,
2022-02-15,12453,8282313,8192213,5368483,0,0,-4.7,58,-1.5,0.1,15.5,3966137,50,
2022-02-16,18879,8284326,8194196,5390726,0,0,-7.3,50.4,-2.3,0.1,15.4,3889809,32,
2022-02-17,19689,8286542,8196392,5422466,0,0,-6.2,41.6,-0.1,0.1,15.4,3857403,34,
2022-02-18,25651,8289344,8199492,5463813,0,0,-1.2,40.4,1.6,0.1,15.3,3980940,51,
2022-02-19,23193,8290235,8200926,5486288,0,0,-1.7,52.9,0.1,0.1,15.3,2676662,48,
2022-02-20,22102,8290271,8201009,5487454,0,0,-4.8,41.1,0.3,0.1,15.3,1829531,36,
2022-02-21,20018,8293370,8203591,5516838,0,0,-3,56.3,-0.1,0.1,15.2,3822027,33,
2022-02-22,21807,8295316,8205164,5537716,0,0,-4.5,43.3,0.5,0.1,15.2,3872260,34,
2022-02-23,41467,8296984,8206487,5557354,0,0,-5.6,38.5,0.3,0.1,15.1,3849519,30,
2022-02-24,37172,8298829,8208694,5585486,0,0,-2.4,52.4,1.9,0,15.1,3859478,33,
2022-02-25,35614,8301125,8211655,5625369,0,0,3,77.5,3.6,0,15.1,3985852,69,
2022-02-26,36829,8301125,8211655,5625369,0,0,5.4,78.4,3.7,0,15,2565339,61,
2022-02-27,35351,8302038,8213179,5648066,0,0,3.7,56.6,3.9,0.1,15,1917525,52,
2022-02-28,27973,8304160,8215764,5676167,0,0,6.8,62.3,3.4,0.1,14.9,3710594,46,
2022-03-01,27885,8304050,8215669,5677586,0,0,5.8,70.5,5.7,0.1,14.9,2035002,34,
2022-03-02,46933,8304717,8216720,5689522,0,0,3.5,55.9,4,0.1,14.8,3943503,30,
2022-03-03,43675,8305075,8217373,5702479,0,0,5.8,52.9,5.5,0.1,14.8,3940645,48,
2022-03-04,59269,8305659,8218519,5720977,0,0,6.9,60.5,3.7,0.2,14.8,3976404,88,
2022-03-05,53193,8305965,8219305,5730542,0,0,2.3,38.4,4.4,0.5,14.7,2624068,111,
2022-03-06,49450,8305935,8219297,5730846,0,0,1.4,39.5,5,1.4,14.7,1824720,49,
2022-03-07,39558,8307458,8220552,5743430,0,0,2.8,45.8,3.9,2,14.7,3837954,49,
2022-03-08,37484,8308532,8221482,5751012,0,0,6,56.1,6.8,2.7,14.6,3987682,58,
2022-03-09,74222,8308610,8221622,5752834,0,0,7.1,69.6,9,4,14.6,2130933,63,
2022-03-10,66859,8309642,8222838,5764351,0,0,9.3,51.4,9.3,5,14.5,3846495,65,
2022-03-11,56603,8311183,8225143,5779624,0,0,11.2,58.4,11.4,5.8,14.5,3974248,70,
2022-03-12,80437,8311680,8225806,5786263,0,0,12.8,72.1,12.1,6.8,14.5,2667108,67,
2022-03-13,67814,8311681,8225811,5786401,0,0,11.7,95.5,11.1,8.7,14.4,1662951,15,
2022-03-14,56807,8312602,8226915,5795463,0,0,8.2,90.3,7.7,8.5,14.4,3702517,15,
2022-03-15,66067,8313033,8227560,5801689,17539,0,7.2,72.6,9.8,7.8,14.3,3842645,43,
2022-03-16,81395,8313346,8227846,5807312,19227,0,10.3,62.6,10.8,8.1,14.3,3846421,65,
2022-03-17,128375,8313864,8228431,5816025,20739,0,10.7,62,9.7,8.8,14.3,3799462,59,
2022-03-18,81997,8314802,8229479,5830011,22944,0,7.5,60.8,7.2,8.7,14.2,3883951,59,
2022-03-19,82132,8315182,8229848,5835718,23396,0,3.4,84.6,4.6,7.6,14.2,2410036,59,
2022-03-20,65870,8315191,8229855,5835830,23400,0,5.4,66.1,8.2,6.9,14.2,1879105,25,
2022-03-21,41078,8315994,8230612,5844830,24671,0,5,49.5,6.2,6.9,14.1,3798453,32,
2022-03-22,65033,8316319,8230867,5850029,25760,0,7.1,48.9,9.5,7,14.1,3887861,39,
2022-03-23,101133,8316674,8231149,5855356,27064,0,6.2,56.8,7,7.6,14.1,3871873,33,
2022-03-24,77770,8317068,8231572,5862830,28054,0,8.2,70.6,8.5,7.3,14,3937985,45,
2022-03-25,66943,8317759,8232164,5874719,29829,0,12,70,10.3,7.7,14,4045353,64,
2022-03-26,64026,8317917,8232282,5880375,30216,0,11.8,80.9,12,9.2,14,2583866,64,
2022-03-27,59151,8317913,8232275,5880451,30218,0,8.1,49.1,10.8,9.3,13.9,2020016,35,
2022-03-28,34190,8318484,8233412,5887380,31037,0,8.2,35.6,10.5,8.8,13.9,3909115,39,
2022-03-29,66079,8318728,8234002,5891093,31991,0,9.7,52.9,11.6,9,13.9,3999256,40,
2022-03-30,81824,8318960,8234280,5895152,32915,0,10.8,76.5,9.7,9.4,13.8,3942998,36,
2022-03-31,60131,8320098,8235332,5900668,33828,0,10.9,63.5,11.9,9.9,13.8,4015245,24,
2022-04-01,51717,8321849,8236414,5907750,34952,0,9.2,50.5,12.2,10,13.8,4218052,24,
2022-04-02,48673,8322699,8236677,5910991,35289,0,8.2,55,11.6,10,13.8,2992284,34,
2022-04-03,42109,8322696,8236668,5911055,35305,0,9.6,55,12.6,10.1,13.7,2143045,45,
2022-04-04,20894,8323397,8237412,5915191,35891,0,10.3,50.3,13.4,10.5,13.7,4057443,50,
2022-04-05,51500,8323745,8237703,5917434,36496,0,10.3,41.1,12.3,10.6,13.7,4151172,41,
2022-04-06,52430,8324108,8238015,5920198,37100,0,11.7,52.3,13.8,11,13.6,4204285,50,
2022-04-07,39888,8324499,8238419,5924087,37878,0,10.9,43.5,15.1,11.7,13.6,4236996,40,
2022-04-08,36212,8325785,8239177,5929669,39012,0,12.9,49,16.1,11.8,13.6,4419569,54,
2022-04-09,32320,8326302,8239316,5931671,39303,0,17.8,43.8,18.1,12.6,13.6,3302210,58,
2022-04-10,28901,8326293,8239309,5931686,39306,0,18.2,46,20.1,13.5,13.5,2453339,51,
2022-04-11,14247,8326661,8239777,5934373,39776,0,19.6,60.4,22.4,14.4,13.5,4237498,36,
2022-04-12,39518,8326839,8239992,5936113,40252,0,19.3,77.9,23.6,15.5,13.5,4276957,27,
2022-04-13,33076,8327086,8240282,5938166,40919,0,13.1,69.3,13,15.5,13.5,4202009,13,
2022-04-14,24976,8327332,8240577,5941025,46757,0,13.2,53.4,14.2,13.9,13.4,4275042,14,
2022-04-15,21450,8328244,8241161,5945600,58588,0,13.3,46.8,19,13.4,13.4,4448983,14,
2022-04-16,18118,8328527,8241299,5947011,61766,0,13.2,48.5,19.1,13.7,13.4,3130933,39,
2022-04-17,14805,8328542,8241304,5947048,61818,0,14,53.8,19.5,13.9,13.4,2255854,47,
2022-04-18,7345,8328836,8241677,5948932,70771,0,15.2,46.1,19.3,14.4,13.4,4211402,50,
2022-04-19,21819,8328950,8241849,5950191,79927,0,15.2,51.9,20.5,14.6,13.3,4368221,60,
2022-04-20,18322,8329133,8242054,5951748,89153,0,15.7,48.8,21.3,14.8,13.3,4404840,59,
2022-04-21,15192,8329265,8242260,5953671,99242,0,16.3,48.4,19.7,15.1,13.3,4406904,43,
2022-04-22,13191,8329882,8242947,5956856,121233,0,15,76.8,15.1,15,13.3,4428961,52,
2022-04-23,12352,8330038,8243076,5957849,127461,0,17.7,57.3,22.9,14.7,13.3,3168641,53,
2022-04-24,10377,8330042,8243081,5957880,127583,0,18.5,72.5,22.8,15.7,13.3,2244599,50,
2022-04-25,4763,8330302,8243405,5959796,164120,0,20,80.5,20.6,16.6,13.3,4286551,44,
2022-04-26,13560,8330488,8243603,5961216,200262,0,21.9,57.9,26,17,13.2,4444229,47,
2022-04-27,11517,8330624,8243775,5962660,233955,0,17.7,31.5,24.1,17.5,13.2,4559382,169,
2022-04-28,9109,8330802,8244064,5964584,266484,0,18.2,44,24.4,17.4,13.2,4582851,77,
2022-04-29,7726,8331247,8244585,5967685,328997,0,13.4,70.6,15.1,17.2,13.2,4739309,77,
2022-04-30,6455,8331269,8244567,5968636,344216,0,13,68,14.6,16.1,13.2,3497030,25,
2022-05-01,5462,8331231,8244535,5968640,344439,0,13.4,54.8,19.1,15.6,13.2,2507943,48,
2022-05-02,2653,8331595,8244906,5970770,371260,0,14.2,56.5,20.3,15.9,13.2,4501034,45,
2022-05-03,8709,8331636,8244988,5972363,397248,0,14.8,45.9,21.5,16.1,13.2,4659950,40,
2022-05-04,7436,8331737,8245101,5973891,419007,0,17.8,43.3,23.3,16.6,13.2,4929909,42,
2022-05-05,6645,8331631,8244991,5973960,419713,0,18.9,48.1,26.5,17.2,13.2,2885938,34,
2022-05-06,3596,8332068,8245547,5977009,458021,0,19.6,67.1,25.6,17.9,13.2,4422810,38,
2022-05-07,6641,8332055,8245562,5977788,466725,0,18.4,52.4,23.2,18.6,13.2,3125947,31,
2022-05-08,5979,8332038,8245540,5977804,466848,0,15.3,51.8,16.2,18.3,13.2,2239228,20,
2022-05-09,2715,8332294,8245835,5979751,482950,0,17.9,56.4,23.6,17.4,13.2,4529226,20,
2022-05-10,8142,8332404,8245952,5980938,500337,0,19.9,39,26.7,18.2,13.2,4682803,29,
2022-05-11,6208,8332472,8246079,5982236,514131,0,19.7,50.4,28.2,19.1,13.2,4722890,30,
2022-05-12,5695,8332525,8246202,5983607,527311,0,20.9,51.5,28.5,19.5,13.2,4732755,34,
2022-05-13,5178,8332780,8246536,5985314,550834,0,19.4,45.8,24.2,19.9,13.2,4931000,30,
2022-05-14,4764,8332868,8246606,5986097,557702,0,15.7,45.5,22,19.3,13.2,3641479,35,
2022-05-15,4025,8332818,8246547,5986064,557798,0,16.2,39.8,24.7,18.7,13.2,2644327,27,
2022-05-16,1684,8333032,8246798,5987439,567245,0,17.3,56.3,25.5,19,13.2,4584838,33,
2022-05-17,5889,8333134,8246916,5988476,577222,0,20,60.1,27.5,19.5,13.2,4700636,56,
2022-05-18,5043,8333211,8247005,5989537,585182,0,20,59.4,19.6,19.9,13.2,4670995,60,
2022-05-19,4557,8333313,8247133,5990634,592735,0,19.9,53.6,24.5,19.6,13.2,4754013,46,
2022-05-20,4110,8333313,8247133,5990634,592735,0,20.6,52.8,26.6,19.8,13.2,4919888,38,
2022-05-21,3589,8333511,8247502,5992941,612318,0,20.1,70.8,27.1,20.4,13.2,3606990,36,
2022-05-22,2903,8333483,8247474,5992946,612363,0,20.3,70.9,27.6,20.9,13.3,2549444,39,
2022-05-23,1213,8333722,8247753,5994227,619058,0,23,63.5,30.2,21.5,13.3,4531032,69,
2022-05-24,4272,8333819,8247865,5995131,626185,0,22.9,56.8,30.8,22,13.3,4681562,35,
2022-05-25,3586,8333936,8248045,5996023,632281,0,21,66.6,28.7,22.2,13.3,4776082,25,
2022-05-26,2788,8334050,8248339,5997006,637933,0,18.7,59.9,24.7,21.9,13.3,4786400,26,
2022-05-27,3032,8334314,8249405,5998521,649769,0,20,62.5,29.1,21.7,13.3,4925871,26,
2022-05-28,2278,8334349,8249867,5999093,652797,0,22.3,54.1,27.2,21.8,13.3,3549973,35,
2022-05-29,2018,8334316,8249840,5999088,652862,0,23.1,66.4,27,22.3,13.3,2470285,31,
2022-05-30,1120,8334531,8250198,6000405,657787,0,20.8,71,23.4,22.6,13.3,4479822,28,
2022-05-31,3340,8334592,8250366,6001262,662522,0,20.7,42.4,28.1,21.8,13.4,4786100,28,
2022-06-01,2926,8334526,8250338,6001417,662961,0,22.1,41.6,29.4,22,13.4,2733656,26,
2022-06-02,1823,8334711,8250652,6002601,665892,0,21.5,67.4,30.6,22.6,13.4,4638331,29,
2022-06-03,2442,8334976,8251703,6004048,673002,0,24.5,62.8,33.7,23.1,13.4,4728120,41,
2022-06-04,2254,8334950,8252019,6004443,674867,0,25.6,57,30.4,23.7,13.4,3247639,38,
2022-06-05,1719,8334931,8251998,6004451,674885,0,22.7,59.8,23.8,23.6,13.4,2406203,24,
2022-06-06,738,8334938,8252006,6004516,674944,0,19.7,69,23.4,22.8,13.5,2269491,24,
2022-06-07,952,8335185,8252348,6005286,677405,0,20.6,54.5,24.8,22.2,13.5,4609044,24,
2022-06-08,2628,8335300,8252594,6005922,680311,0,21.2,61.6,28.5,22.1,13.5,4669141,19,
2022-06-09,2009,8335300,8252594,6005922,680311,0,20.9,76.1,22.4,22,13.5,4633575,24,
2022-06-10,1537,8335477,8253506,6007373,687042,0,20.9,75.8,22.3,21.6,13.5,4806644,27,
2022-06-11,1382,8335455,8253761,6007649,688218,0,24.6,59.6,27.8,21.7,13.6,3378762,28,
2022-06-12,1160,8335411,8253719,6007621,688232,0,24.6,58.9,32.4,22.8,13.6,2384900,25,
2022-06-13,663,8335637,8254039,6008333,690210,0,23.6,68.5,25,23.4,13.6,4498281,27,
2022-06-14,1764,8335613,8254071,6008662,691949,0,21.5,56.4,23.1,23,13.6,4687546,13,
2022-06-15,1690,8335659,8254182,6009176,693770,0,17.5,92.4,18.7,21.9,13.7,4611559,14,
2022-06-16,1549,8335757,8254373,6009662,695141,0,20.3,78.4,21.1,21.2,13.7,4709162,18,
2022-06-17,1280,8335881,8254841,6010431,697977,0,22.5,76.4,23.5,21.5,13.7,4824632,25,
2022-06-18,1245,8335866,8255063,6010707,698847,0,23.3,79.6,23.1,22.4,13.7,3402030,21,
2022-06-19,1108,8335816,8255018,6010679,698860,0,23.4,81.6,23.3,22.4,13.7,2385593,26,
2022-06-20,719,8336021,8255321,6011282,700209,0,25.2,76.6,26.4,22.6,13.8,4529008,25,
2022-06-21,2043,8336080,8255449,6011692,701481,0,26.5,72.6,32.3,23.4,13.8,4668429,29,
2022-06-22,1778,8336125,8255521,6012058,702732,0,25.9,71.1,31.5,24.6,13.8,4717218,28,
2022-06-23,1580,8336198,8255634,6012463,704005,0,24.3,89.1,23.3,24.7,13.8,4487259,27,
2022-06-24,1605,8336198,8255634,6012463,704005,0,22.6,90.9,23.6,23.8,13.9,4797499,27,
2022-06-25,1552,8336198,8255634,6012463,704005,0,26,80.4,26.7,23.9,13.9,3438288,47,
2022-06-26,1310,8336292,8256213,6013317,707636,0,26.5,82.1,24.8,24.6,13.9,2315781,23,
2022-06-27,600,8336511,8256482,6013962,709063,0,26.8,84.4,26.1,24.4,13.9,4390484,12,
2022-06-28,2472,8336431,8256487,6014242,710326,0,26.9,81.9,25.1,24.3,14,4473078,18,
2022-06-29,2479,8336537,8256635,6014618,711536,0,25.1,95.5,25.3,24.1,14,4507823,14,
2022-06-30,2282,8336599,8256712,6015012,712765,0,22.3,99.3,22.6,23.6,14,4403155,14,
2022-07-01,2340,8336599,8256712,6015012,712765,0,26.6,83.3,29,23.5,14.4,4768255,20,
2022-07-02,2778,8336599,8256712,6015012,712765,0,28.8,72.8,30.8,25.1,14.9,3379625,29,
2022-07-03,2440,8336619,8257000,6015770,715890,0,29.3,68.6,31.6,26.3,14.9,2338812,36,
2022-07-04,1161,8336781,8257223,6016335,717163,0,29.3,71.8,30.8,26.8,14.9,4492219,38,
2022-07-05,4779,8336835,8257343,6016674,718636,0,29.2,73.8,31.4,26.9,14.8,4598790,34,
2022-07-06,4770,8336866,8257428,6017103,720383,0,29.5,76,31.9,27.2,14.8,4650238,32,
2022-07-07,4580,8336893,8257507,6017500,722132,0,28.2,82.3,28.2,27.2,14.8,4542482,22,
2022-07-08,4605,8336893,8257507,6017500,722132,0,25.8,84.4,26,26.7,14.7,4719436,22,
2022-07-09,4900,8336893,8257507,6017500,722132,0,26.9,82.1,27.9,26.4,14.7,3287046,23,
2022-07-10,5244,8337093,8257924,6018768,728198,0,29.2,68,32,26.9,14.7,2339056,41,
2022-07-11,2622,8337334,8258192,6019526,730838,0,27,75,29,27.3,14.8,4408202,26,
2022-07-12,9412,8337435,8258295,6020066,733832,0,26.8,73.1,27.2,26.8,14.8,4601123,14,
2022-07-13,9363,8337520,8258393,6020628,736892,0,25,93.9,24.6,26.2,14.8,4400051,16,
2022-07-14,9655,8337654,8258546,6021378,740973,0,25.7,84.6,27.6,25.4,14.8,4635325,14,
2022-07-15,8951,8337654,8258546,6021378,740973,0,26,76.5,29.1,26.2,14.9,4803388,25,
2022-07-16,9457,8337654,8258546,6021378,740973,0,24.8,83.4,26.1,26.5,15,3277267,27,
2022-07-17,8565,8337765,8258772,6023021,753906,0,25.5,78.9,28,25.9,15.1,2337161,26,
2022-07-18,4896,8337765,8258772,6023021,753906,0,26.8,76,28.2,26.3,15.1,4396263,26,
2022-07-19,18038,8337765,8258772,6023021,753906,0,27.4,74.1,30.7,26.8,15.1,4535181,34,
2022-07-20,17199,8338216,8259214,6025966,790743,0,27.1,76.1,30.4,27.1,15.2,4584713,31,
2022-07-21,16670,8338346,8259339,6027051,804805,0,23.2,87.6,25,26.6,15.2,4473019,13,
2022-07-22,15379,8338346,8259339,6027051,804805,0,25.1,81.5,26.1,25.9,15.2,4601990,29,
2022-07-23,14830,8338346,8259339,6027051,804805,0,24.8,83.6,26.6,25.9,15.3,3077766,33,
2022-07-24,13809,8338554,8259495,6029646,843998,0,25,86.9,25.6,25.6,15.3,2191981,18,
2022-07-25,5967,8338815,8259734,6030846,857629,0,27.5,75,29.7,26,15.3,4322959,24,
2022-07-26,23107,8338877,8259788,6031672,869344,0,28.9,72.5,30.3,26.8,15.4,4396545,33,
2022-07-27,20083,8338897,8259805,6032357,879158,0,29.3,66.3,31,27.3,15.4,4408335,38,
2022-07-28,18169,8338943,8259862,6033061,887872,0,29.7,63.8,33.3,27.7,15.4,4398136,28,
2022-07-29,17517,8338943,8259862,6033061,887872,0,30.7,68.1,32.9,28.3,15.5,4441259,25,
2022-07-30,16588,8338943,8259862,6033061,887872,0,30.9,68.4,32.4,28.6,15.5,2864875,23,
2022-07-31,14149,8339047,8260018,6034660,912266,0,27.2,85.8,27.6,28.4,15.6,2033609,13,
2022-08-01,7340,8339305,8260298,6035683,931114,0,28.6,82.4,28.9,27.4,15.6,3985825,21,
2022-08-02,24615,8339311,8260293,6036392,948331,0,26.8,90,27.2,27.6,15.6,4053733,21,
2022-08-03,23023,8339311,8260293,6036392,948331,0,27.1,90.1,27.4,26.9,15.7,4079331,26,
2022-08-04,20239,8339312,8260265,6037789,977863,0,28.9,79.3,31.6,27.5,15.9,4266245,21,
2022-08-05,20817,8339312,8260265,6037789,977863,0,29.4,76.6,32.6,28.2,16.2,4320231,18,
2022-08-06,20160,8339312,8260265,6037789,977863,0,28.7,85.3,29.7,28.5,16.3,2860654,33,
2022-08-07,18366,8339331,8260230,6039576,1018109,0,28.9,82.1,28.6,28.2,16.3,2101829,26,
2022-08-08,7867,8339526,8260431,6040457,1032276,0,26.8,91.6,26.4,27.6,16.3,4002406,26,
2022-08-09,29489,8339517,8260428,6041064,1044488,0,25.1,96,26,26.2,16.3,3810040,26,
2022-08-10,26068,8339538,8260457,6041757,1055162,0,24.7,85.3,27.3,25.6,17.2,4257901,20,
2022-08-11,24516,8339568,8260501,6042503,1065091,0,25,87.9,27.6,26,17.8,4213248,15,
2022-08-12,22835,8339568,8260501,6042503,1065091,0,27,73.8,28.7,26.3,17.9,4494378,27,
2022-08-13,21859,8339568,8260501,6042503,1065091,0,25.8,82.8,25.8,26.8,17.8,2768617,28,
2022-08-14,19596,8339568,8260501,6042503,1065091,0,27.6,83,28.1,26.6,17.6,2203084,23,
2022-08-15,8246,8339540,8260467,6044106,1092885,0,28.1,83,27.3,27.1,17.5,2139776,24,
2022-08-16,13060,8339782,8260695,6044835,1101507,0,26.7,75.4,29,27,17.4,4272782,24,
2022-08-17,32523,8339782,8260695,6044835,1101507,0,26,76.6,26.6,27.1,17.4,4392776,24,
2022-08-18,28375,8339819,8260737,6046090,1120365,0,25.6,75.8,26.6,26.8,17.4,4425867,23,
2022-08-19,21033,8339819,8260737,6046090,1120365,0,26,86.1,25.9,26.4,17.4,4461694,26,
2022-08-20,19973,8339819,8260737,6046090,1120365,0,28.2,80,30.3,26.5,17.4,3119742,25,
2022-08-21,16743,8339837,8260661,6047625,1144936,0,28.1,75.3,28,27.3,17.4,2269042,27,
2022-08-22,7395,8340024,8260827,6048360,1152870,0,26.8,75.6,27,27.4,17.4,4277519,24,
2022-08-23,25679,8340040,8260830,6048896,1159699,0,25.4,75,27.6,27.1,17.5,4408503,18,
2022-08-24,20578,8340082,8260864,6049408,1165344,0,24.8,66.9,24.4,26.7,17.5,4470779,18,
2022-08-25,17722,8340121,8260923,6050004,1170808,0,22.2,78,22.1,25.9,17.5,4465606,19,
2022-08-26,15757,8340121,8260923,6050004,1170808,0,23.8,75.3,25.8,25.2,17.5,4690987,33,
2022-08-27,14599,8340121,8260923,6050004,1170808,0,21.5,63.1,24.4,25.1,17.6,3390306,20,
2022-08-28,13052,8340107,8260876,6051174,1185563,0,22.6,59.4,24.3,24.7,17.6,2450753,18,
2022-08-29,5756,8340286,8261062,6051921,1190711,0,21,74,22.1,24.8,17.6,4376510,13,
2022-08-30,20418,8340240,8261028,6052290,1194963,0,19.1,96.3,20.3,23.6,17.7,4355602,8,
2022-08-31,15911,8340199,8261005,6052690,1198795,0,21.7,83.3,22.2,23,17.7,4584256,11,
2022-09-01,13325,8340208,8261030,6053169,1202147,0,24,70.8,26.7,23.6,17.7,4734338,19,
2022-09-02,15564,8340208,8261030,6053169,1202147,0,24.7,61.8,26.9,24.3,17.8,4873755,18,
2022-09-03,13899,8340208,8261030,6053169,1202147,0,24.2,63,26.6,24.5,17.8,3456296,13,
2022-09-04,11939,8340193,8261037,6054158,1210639,0,22.3,88.6,22.4,24.2,17.8,2173021,12,
2022-09-05,5319,8340319,8261154,6054723,1213257,0,19.2,95.9,19.8,23.1,17.9,4248056,12,
2022-09-06,18779,8340281,8261117,6055101,1215470,0,21,78,21.2,20.7,18,4327908,12,
2022-09-07,14538,8340294,8261145,6055570,1217684,0,22.8,65.3,25.3,21.7,18.6,4900609,31,
2022-09-08,13066,8340294,8261145,6055570,1217684,0,23.2,65.5,25.9,22.5,18.8,4750166,30,
2022-09-09,12315,8340294,8261145,6055570,1217684,0,24.3,59.1,27,23.2,18.7,2014512,22,
2022-09-10,6081,8340294,8261145,6055570,1217684,0,23.6,52.3,24.1,23.5,18.6,1526157,14,
2022-09-11,4807,8340294,8261145,6055570,1217684,0,23.3,68.6,24.8,23.5,18.6,2017365,20,
2022-09-12,6289,8340297,8261157,6056311,1220415,0,23.8,76.1,25.2,23.5,18.6,2193940,22,
2022-09-13,9552,8340440,8261347,6056831,1222141,0,24.3,73,24,23.7,18.6,4411422,19,
2022-09-14,17384,8340483,8261426,6057235,1224104,0,24.6,56.9,24.4,23.6,18.6,4683557,19,
2022-09-15,11819,8340502,8261480,6057684,1226070,0,25.2,66.9,25.3,23.4,18.6,4747533,21,
2022-09-16,9225,8340502,8261480,6057684,1226070,0,25.7,78.6,25.9,23.8,18.6,4934605,24,
2022-09-17,7659,8340502,8261480,6057684,1226070,0,25.6,83.1,26.3,24.3,18.6,3542028,21,
2022-09-18,5970,8340437,8261615,6058568,1231362,0,27.1,75.3,27.8,24.7,18.6,2551092,22,
2022-09-19,3199,8340594,8261803,6059101,1233277,0,24.6,63.1,26.2,25.1,18.6,4618468,16,
2022-09-20,9735,8340594,8261820,6059425,1234961,0,19.9,57,23.8,24.3,18.6,4791336,26,
2022-09-21,7358,8340619,8261820,6059425,1234961,0,19.4,56.9,23.1,23.1,18.6,4822888,30,
2022-09-22,6154,8340629,8261924,6060076,1237782,0,19.8,60.1,23.1,22.7,18.7,4830249,31,
2022-09-23,5625,8340629,8261924,6060076,1237782,0,17.5,68.9,19.9,22.4,18.7,4971722,26,
2022-09-24,5651,8340629,8261924,6060076,1237782,0,18.5,64.6,21.5,21.4,18.7,3718515,20,
2022-09-25,4888,8340478,8261882,6060778,1241076,0,19.6,63.3,22.3,21.6,18.7,2621107,24,
2022-09-26,2335,8340670,8262106,6061418,1242381,0,20,58.5,22.5,21.6,18.7,4652750,27,
2022-09-27,8557,8340707,8262153,6061704,1243380,0,20.9,59,23.5,21.6,18.7,4828931,27,
2022-09-28,7122,8340808,8262283,6062108,1244431,0,20.4,71,21.6,21.6,18.7,4809340,36,
2022-09-29,6270,8340904,8262400,6062520,1245501,0,20.4,73.5,21.9,21.6,18.7,4832025,52,
2022-09-30,5794,8340904,8262400,6062520,1245501,0,20.7,68,22.4,21.6,18.8,5001556,50,
2022-10-01,5584,8340904,8262400,6062520,1245501,0,20.9,63.3,21.8,21.6,18.8,3494794,48,
2022-10-02,4797,8340904,8262400,6062520,1245501,0,19.4,78.9,19.5,21.6,18.8,2567850,31,
2022-10-03,2025,8340786,8262405,6063366,1247986,0,21.4,98.5,20.6,20.9,18.8,2178284,14,
2022-10-04,3086,8341073,8262728,6064064,1248848,0,17.9,83.8,19.7,21.2,18.8,4697003,17,
2022-10-05,7674,8341102,8262788,6064480,1249608,0,16.6,74.8,19.1,20.7,18.8,4856831,19,
2022-10-06,5520,8340995,8262726,6064823,1250437,0,15.8,76.6,17.4,20.3,18.8,4860356,19,
2022-10-07,4319,8340995,8262726,6064823,1250437,0,14.3,69.5,16.8,19.6,18.9,5093619,15,
2022-10-08,3963,8340995,8262726,6064823,1250437,0,15.8,64.6,17.4,19,18.9,3861557,15,
2022-10-09,3552,8340995,8262726,6064823,1250437,0,13.1,85.8,13.9,18.8,18.9,2435866,10,
2022-10-10,1494,8340201,8262054,6065512,1252410,0,9.9,72.9,11.9,17.5,18.9,2529931,10,
2022-10-11,3054,8340612,8262506,6066423,1253111,0,11.1,69.1,14,16.6,18.9,4772063,24,
2022-10-12,6802,8340098,8262024,6066470,1253601,0,13.5,68.1,14.8,16.5,18.9,4872485,25,
2022-10-13,5254,8339977,8261946,6066915,1254225,0,16.3,69.6,16.8,16.8,18.9,4888271,24,
2022-10-14,4834,8339977,8261946,6066915,1254225,0,17.1,73.4,17.4,17.3,18.9,5010828,28,
2022-10-15,4579,8339977,8261946,6066915,1254225,0,18.2,68.5,18.8,17.8,19,3670125,34,
2022-10-16,4191,8339705,8261777,6067840,1255713,0,16.9,73.9,16.1,18.2,19,2592313,38,
2022-10-17,1921,8339301,8261411,6068104,1256305,0,11.2,50.3,14.2,17.6,19,4657356,30,
2022-10-18,7531,8339139,8261246,6068525,1256912,0,9.4,52.1,12,16.3,19,4805826,25,
2022-10-19,5897,8338846,8260980,6068784,1257464,0,10.5,57.8,12.2,15.4,19,4853557,28,
2022-10-20,5416,8338515,8260664,6069099,1258152,0,12.9,64.4,14,15.2,19,4854137,39,
2022-10-21,5061,8338515,8260664,6069099,1258152,0,14,68.8,14.7,15.5,19,5000084,50,
2022-10-22,6016,8338515,8260664,6069099,1258152,0,15.1,76.3,16.4,15.8,19,3783260,35,
2022-10-23,5176,8338515,8260664,6069099,1258152,0,14,65,15.8,16.4,19,2632250,37,
2022-10-24,2438,8337616,8259854,6070594,1260364,0,10.6,52.6,12.9,15.8,19,4661115,28,
2022-10-25,10066,8337222,8259483,6070821,1260984,130664,11.3,56.5,12.7,14.9,19,4830341,28,
2022-10-26,7906,8336876,8259148,6071054,1261598,139635,12.9,58.3,12.7,14.7,19,4887006,28,
2022-10-27,6848,8336997,8259306,6071788,1262290,148499,13.2,71.8,14.1,14.8,19,4916456,32,
2022-10-28,7480,8336997,8259306,6071788,1262290,148499,13.6,70.1,14.2,14.9,19,5087797,43,
2022-10-29,7578,8336997,8259306,6071788,1262290,148499,14.8,65.9,15.1,15.1,19,3943443,26,
2022-10-30,6708,8336734,8259098,6073026,1263792,171182,14.9,64.5,15,15.2,19,2606733,26,
2022-10-31,3099,8336905,8259258,6073912,1264347,178930,14.9,69.8,14.6,15.3,19,4626669,27,
2022-11-01,13017,8336104,8258490,6073894,1264679,186024,13.1,73.5,13.9,15.4,19,4723203,42,
2022-11-02,10940,8335936,8258320,6074341,1265131,192653,11.1,57.1,11.9,14.7,19,4800127,33,
2022-11-03,9547,8335752,8258153,6074783,1265649,198755,9.3,58.1,8.9,14.1,19,4790648,28,
2022-11-04,8677,8335752,8258153,6074783,1265649,198755,4.9,41.8,7.4,13.1,19,4919999,27,
2022-11-05,8104,8335752,8258153,6074783,1265649,198755,6.5,51.3,7.4,12,19,3531575,34,
2022-11-06,7163,8335290,8257755,6075805,1266726,213640,9.6,60.5,9.7,11.8,19,2592736,29,
2022-11-07,3320,8335466,8257937,6076577,1267170,224057,11.4,64.5,11.3,12.1,19,4597655,36,
2022-11-08,14158,8335326,8257811,6076911,1267486,233305,12.9,68.3,13.1,12.8,19,4761189,41,
2022-11-09,12481,8335199,8257713,6077230,1267822,241203,11.4,76,10.7,12.9,19,4792388,65,
2022-11-10,11073,8335233,8257746,6077735,1268153,249492,13.5,74.5,12.8,13.1,19,4791514,69,
2022-11-11,10903,8335233,8257746,6077735,1268153,249492,15.6,62.5,13.7,13.4,19,4924791,53,
2022-11-12,10836,8335233,8257746,6077735,1268153,249492,16.3,80,13.9,13.9,19,3481163,45,
2022-11-13,9263,8335030,8257581,6078763,1268991,270673,10.3,85.6,12.4,14.7,19,2434875,17,
2022-11-14,3649,8335209,8257750,6079526,1269401,290640,9.7,74.8,10.8,13.9,19,4556214,23,
2022-11-15,15539,8335112,8257665,6079848,1269648,309029,8.1,77.4,8.4,12.8,19,4707455,31,
2022-11-16,12483,8335167,8257727,6080318,1269984,326909,8.5,71.3,8.1,12,18.9,4780508,27,
2022-11-17,10846,8335067,8257648,6080784,1270315,344234,10.2,64.6,8.6,11.6,18.9,4756392,38,
2022-11-18,9742,8335067,8257648,6080784,1270315,344234,11,69.6,8.8,11.5,18.9,4871442,38,
2022-11-19,10124,8335067,8257648,6080784,1270315,344234,12.9,55.8,9.8,11.5,18.9,3609099,31,
2022-11-20,8804,8334863,8257458,6081856,1271046,384527,13.7,58.3,11,11.8,18.9,2616059,29,
2022-11-21,3826,8335052,8257644,6082542,1271389,403937,11.8,70.5,9.3,12,18.9,4610870,36,
2022-11-22,15613,8335020,8257633,6082992,1271662,425175,10.7,69.9,9.1,11.6,18.9,4743908,53,
2022-11-23,13499,8334935,8257555,6083357,1271882,443690,10.8,56,9.8,11.8,18.9,4800714,37,
2022-11-24,11456,8334824,8257426,6083678,1272106,464000,9.4,65.6,7.8,11.3,18.8,4856190,49,
2022-11-25,10684,8334824,8257426,6083678,1272106,464000,12.3,67.1,9.7,11.1,18.8,4936807,52,
2022-11-26,10161,8334824,8257426,6083678,1272106,464000,6.7,52.4,5.9,11.3,18.8,3592242,64,
2022-11-27,9160,8334722,8257328,6084658,1272591,506818,5.4,43.1,3.2,9.8,18.8,2498430,22,
2022-11-28,3794,8334981,8257576,6085453,1272837,527277,12.3,65.5,9.2,9.5,18.8,4523856,30,
2022-11-29,15501,8335020,8257595,6085929,1272989,564953,6.9,67,8.6,10.9,18.8,4706644,17,
2022-11-30,12290,8334892,8257455,6086119,1273077,564953,-5.4,49.1,-0.6,9.2,18.8,4551184,24,
2022-12-01,11034,8334830,8257403,6086386,1273170,582359,-5.4,43.4,-2.4,6.8,18.8,4572477,25,
2022-12-02,10487,8334830,8257403,6086386,1273170,582359,-2.5,42,-1.8,5.5,18.8,4832970,23,
2022-12-03,10369,8334830,8257403,6086386,1273170,582359,2.1,70.5,1.3,5,18.7,3402623,36,
2022-12-04,8526,8334773,8257344,6087147,1273357,617145,-3.5,38.9,-1.1,5.2,18.7,2394068,16,
2022-12-05,3921,8334978,8257575,6087708,1273452,634074,-3.1,41.9,-2,4.6,18.7,4562229,22,
2022-12-06,16372,8334900,8257473,6087855,1273481,651908,0.9,62.8,-0.2,4.1,18.7,4670611,30,
2022-12-07,13747,8334879,8257450,6088082,1273528,668559,4.9,60.4,1.6,4.3,18.7,4781186,37,
2022-12-08,11977,8334938,8257521,6088421,1273608,684838,3.7,57.5,1.4,4.8,18.6,4827495,31,
2022-12-09,11853,8334938,8257521,6088421,1273608,684838,4.5,60.8,2.5,4.9,18.6,4955943,39,
2022-12-10,11690,8334938,8257521,6088421,1273608,684838,2.6,46.5,1,5,18.6,3606452,37,
2022-12-11,9603,8334849,8257453,6088877,1273637,717162,1.6,52.5,0.6,4.6,18.6,2519460,43,
2022-12-12,3910,8335048,8257652,6089279,1273710,733630,2,73.4,0.3,4.3,18.5,4634238,32,
2022-12-13,17696,8335116,8257713,6089514,1273729,750084,0,70.8,1,4.3,18.5,4865264,247,
2022-12-14,15180,8335125,8257712,6089666,1273730,763431,-8.4,50.1,-3.7,4,18.5,4680097,59,
2022-12-15,12830,8335095,8257706,6089869,1273743,777238,-4.5,79.1,-1.7,3.1,18.5,4897127,34,
2022-12-16,12402,8335095,8257706,6089869,1273743,777238,-6.3,56.9,-2,2.7,18.5,5017001,31,
2022-12-17,12404,8335095,8257706,6089869,1273743,777238,-7,52,-3.5,2.5,18.4,3711043,25,
2022-12-18,10649,8335001,8257643,6090016,1273741,803585,-9.5,47.1,-5.1,2.3,18.4,2428966,23,
2022-12-19,4191,8335204,8257842,6090145,1273758,817569,-7,55.6,-4.3,2,18.4,4539646,23,
2022-12-20,18223,8335242,8257879,6090095,1273704,833752,-3.2,55.8,-3,1.7,18.4,4830279,33,
2022-12-21,15564,8335263,8257907,6090040,1273633,846881,-0.1,82.4,-0.6,1.6,18.3,5036464,39,
2022-12-22,13946,8335266,8257910,6089971,1273617,860347,-7.8,60.5,-2.6,1.6,18.3,4886201,30,
2022-12-23,12414,8335266,8257910,6089971,1273617,860347,-11.8,60.5,-4.4,1.4,18.3,4748771,22,
2022-12-24,12083,8335266,8257910,6089971,1273617,860347,-8.4,54.9,-4.3,1.2,18.2,3254638,30,
2022-12-25,10508,8335181,8257874,6089814,1273538,882569,-5.4,66.5,-4.6,1,18.2,2576051,41,
2022-12-26,3585,8335372,8258058,6089929,1273561,896278,-3.9,68.4,-4.1,0.8,18.2,4469688,46,
2022-12-27,18725,8335415,8258094,6089892,1273543,909906,-2.6,69.8,-3.2,0.7,18.1,4685878,46,
2022-12-28,15783,8335478,8258180,6089877,1273539,921635,-3.3,58.1,-2.9,0.7,18.1,4724316,35,
2022-12-29,13396,8335489,8258197,6089807,1273516,933235,-2.9,56.3,-3.3,0.6,18.1,4643557,30,
2022-12-30,11668,8335489,8258197,6089807,1273516,933235,-1.8,65.6,-2.2,0.6,18,4569704,34,
2022-12-31,11601,8335489,8258197,6089807,1273516,933235,-1.2,65.5,-2.2,0.6,17.3,2917638,48,
2023-01-01,9990,8338216,8260895,6091157,1273353,955715,-0.2,54.5,-1.4,0.6,18,1903067,55,
2023-01-02,3304,8298886,8223069,6061940,1265662,965061,-4.5,45.9,-4.2,0.6,17.9,4223337,26,
2023-01-03,16966,8298787,8222995,6061773,1265535,976068,-5,49,-4.8,0.5,17.9,4443645,30,
2023-01-04,13915,8298657,8222882,6061592,1265440,986392,-1.8,51.4,-2.9,0.3,17.9,4531218,35,
2023-01-05,11510,8298567,8222782,6061431,1265344,997588,-1.6,58.1,-3.3,0.2,17.8,4583282,48,
2023-01-06,10411,8298567,8222782,6061431,1265344,997588,0.6,71.9,-1.7,0.2,17.8,4775750,72,
2023-01-07,9925,8298567,8222782,6061431,1265344,997588,1.5,80.9,0.5,0.2,17.7,3250850,126,
2023-01-08,7824,8298386,8222654,6061163,1265151,1019445,1.3,69.3,-0.2,0.3,17.7,2337075,161,
2023-01-09,2850,8298599,8222878,6061284,1265161,1028892,3.1,60.1,1.4,0.3,17.7,4512040,106,
2023-01-10,12140,8298536,8222811,6061181,1265097,1037709,1.6,59.9,0.2,0.4,17.6,4655544,68,
2023-01-11,9534,8298423,8222693,6061004,1265036,1045057,2.6,61.9,0.5,0.4,17.6,4694073,75,
2023-01-12,7948,8298434,8222688,6060907,1264956,1052973,5.9,46.6,1.1,0.5,17.5,4721501,50,
2023-01-13,7203,8298434,8222688,6060907,1264956,1052973,8.3,99.1,3.2,0.4,17.5,4667704,16,
2023-01-14,6649,8298434,8222688,6060907,1264956,1052973,6.6,92.9,3.3,0.5,17.4,3282666,16,
2023-01-15,5749,8298312,8222603,6060716,1264814,1067583,-0.2,93.9,0.3,0.5,17.4,2319842,16,
2023-01-16,2139,8298497,8222786,6060795,1264826,1074264,-4.6,63.1,-0.2,0.6,17.4,4575955,23,
2023-01-17,8550,8298475,8222793,6060691,1264769,1080751,-3.7,65.1,-1.2,0.7,17.3,4664093,34,
2023-01-18,6637,8298432,8222755,6060580,1264698,1086305,-1.9,60.5,-0.4,0.8,17.3,4737435,58,
2023-01-19,5501,8298457,8222762,6060534,1264664,1092302,-0.4,69.3,-0.9,0.8,17.2,4685669,73,
2023-01-20,5016,8298457,8222762,6060534,1264664,1092302,-3.3,52.4,-0.5,0.8,17.2,4427446,75,
2023-01-21,5161,8298457,8222762,6060534,1264664,1092302,-4.5,55.4,-1.8,0.8,17.1,1783734,28,
2023-01-22,2315,8298457,8222762,6060534,1264664,1092302,-0.6,62.8,-0.8,0.8,17.1,1368953,30,
2023-01-23,1439,8298457,8222762,6060534,1264664,1092302,-0.8,66.6,-0.2,0.8,17,1844160,60,
2023-01-24,2127,8298423,8222746,6060363,1264566,1101623,-14.7,51.9,-6.6,0.7,17,1649015,34,
2023-01-25,3187,8298508,8222855,6060390,1264587,1106346,-11.3,45.1,-6,0.4,17,4001873,24,
2023-01-26,6815,8298498,8222870,6060291,1264525,1110690,-6,80.1,-2.6,0.1,16.9,4654446,30,
2023-01-27,5081,8298498,8222870,6060291,1264525,1110690,-7.3,56.5,-3.1,0,16.9,4758409,48,
2023-01-28,4065,8298498,8222870,6060291,1264525,1110690,-6,54.9,-3.5,-0.2,16.8,3175879,43,
2023-01-29,2924,8298509,8222950,6060183,1264452,1119817,-1.8,58.3,-2.3,-0.3,16.8,2322042,55,
2023-01-30,922,8298636,8223090,6060270,1264464,1124386,-0.9,55.9,-0.5,-0.3,16.7,4543622,51,
2023-01-31,3696,8298567,8223032,6060138,1264409,1128423,2.4,69.1,-0.4,-0.2,16.7,4639284,42,
2023-02-01,3276,8298457,8222947,6059447,1263552,1131390,0.9,68.4,1.5,-0.2,16.6,4698196,63,
2023-02-02,2884,8298222,8222732,6059234,1263451,1134903,-2.4,50.3,-1.1,-0.2,16.6,4696194,50,
2023-02-03,2551,8298222,8222732,6059234,1263451,1134903,-1.6,47.4,0.4,-0.1,16.5,4859568,43,
2023-02-04,2440,8298222,8222732,6059234,1263451,1134903,-0.2,49.8,0.4,-0.1,16.5,3427026,39,
2023-02-05,2299,8297930,8222482,6058835,1263239,1141816,1.7,71,0.4,-0.1,16.4,2414084,63,
2023-02-06,815,8298041,8222617,6058912,1263261,1145287,3,72.3,1.2,-0.1,16.4,4551874,70,
2023-02-07,3046,8297811,8222400,6058686,1263138,1148457,3.5,72.9,1.7,-0.1,16.3,4697439,74,
2023-02-08,2904,8297671,8222275,6058523,1263071,1151088,2.1,62.1,2.2,0,16.3,4748752,68,
2023-02-09,2460,8297594,8222220,6058459,1263016,1154018,4,49.9,1,0,16.2,4758359,35,
2023-02-10,2370,8297594,8222220,6058459,1263016,1154018,3.8,79.6,2,0,16.2,4866168,21,
2023-02-11,2292,8297594,8222220,6058459,1263016,1154018,2.8,73,1.8,0.1,16.1,3503151,41,
2023-02-12,2126,8303494,8228055,6061621,1263014,1159492,3.7,70,1.5,0.1,16.1,2482131,67,
2023-02-13,746,8303603,8228156,6061675,1263020,1162110,5.9,66.5,1.8,0.2,16,4592551,31,
2023-02-14,2703,8309638,8234125,6065128,1263068,1164413,1.7,54.9,2.6,0.2,16,4798018,42,
2023-02-15,2570,8315100,8239533,6068105,1263075,1166833,3.2,46.4,2.5,0.3,15.9,4797011,18,
2023-02-16,2282,8321892,8246274,6071931,1263117,1169367,2.3,68.3,1.8,0.3,15.9,4798075,26,
2023-02-17,2097,8321892,8246274,6071931,1263117,1169367,3.4,67.8,2.3,0.4,15.8,4929033,40,
2023-02-18,1980,8321892,8246274,6071931,1263117,1169367,5.7,58.3,2.3,0.7,15.8,3460972,76,
2023-02-19,1906,8330826,8255105,6076912,1263161,1174516,3.5,56.1,4.3,1.3,15.8,2524197,39,
2023-02-20,704,8330908,8255205,6076954,1263177,1176690,-0.5,46.4,1.9,1.7,15.7,4618042,46,
2023-02-21,2503,8337806,8261989,6080729,1263198,1179052,-1.3,42.4,1.7,1.6,15.7,4741474,34,
2023-02-22,2354,8345496,8269554,6085129,1263280,1181006,1.2,50.6,2.2,1.5,15.6,4824663,40,
2023-02-23,2116,8345564,8269618,6085106,1263269,1183166,2.9,65.5,3.1,1.7,15.6,4839786,39,
2023-02-24,1959,8345564,8269618,6085106,1263269,1183166,3.5,57.9,3.7,2.5,15.5,5013341,44,
2023-02-25,1922,8345564,8269618,6085106,1263269,1183166,0.7,44,2.7,2.8,15.5,3594985,42,
2023-02-26,1767,8354445,8278429,6090080,1263311,1187793,2.2,46.6,3.3,2.6,15.4,2598410,38,
2023-02-27,623,8354599,8278587,6090149,1263327,1189819,4.4,47.4,4,2.8,15.4,4676825,47,
2023-02-28,2326,8354599,8278587,6090149,1263327,1189819,4.3,63.4,3.7,3.1,15.3,4950811,33,
2023-03-01,2301,8352625,8276645,6088403,1262486,1192167,6,54.4,5,3.8,15.3,2788727,33,
2023-03-02,1200,8352752,8276795,6088480,1262508,1194121,2.2,37.8,3.7,3.8,15.3,4820767,61,
2023-03-03,2296,8352752,8276795,6088480,1262508,1194121,4.6,65,3.6,3.7,15.2,4985877,44,
2023-03-04,2214,8352752,8276795,6088480,1262508,1194121,7.7,68.4,7,4.5,15.2,3470057,65,
2023-03-05,2008,8352140,8276246,6087930,1262269,1197634,8,54,6.6,5.2,15.1,2481575,61,
2023-03-06,734,8352227,8276335,6087993,1262284,1199094,9.2,41.9,7,5.5,15.1,4805658,49,
2023-03-07,2748,8351991,8276095,6087754,1262166,1200744,11.7,60.9,10.4,6.2,15,4932804,59,
2023-03-08,2447,8351788,8275909,6087567,1262085,1202009,12.5,66.3,9.3,7.1,15,4940749,61,
2023-03-09,2131,8351615,8275747,6087412,1262032,1203352,10.3,85.9,10.2,7.7,14.9,4945404,59,
2023-03-10,2170,8351615,8275747,6087412,1262032,1203352,13.5,62.1,11,7.7,14.9,5138569,96,
2023-03-11,1978,8351615,8275747,6087412,1262032,1203352,15.2,52,11.9,8.7,14.9,3669705,104,
2023-03-12,1829,8351340,8275495,6087119,1261894,1206517,5.9,68,5.8,8.9,14.8,2303945,54,
2023-03-13,690,8351411,8275572,6087173,1261910,1207786,2.9,38.9,4.1,7,14.8,4788750,40,
2023-03-14,2398,8351237,8275390,6087012,1261837,1209166,9.2,45.9,8.4,6.9,14.8,4983103,47,
2023-03-15,2312,8351150,8275306,6086912,1261771,1210322,8.6,66.6,6.8,7.5,14.7,4969499,55,
2023-03-16,1979,8351063,8275235,6086834,1261728,1211708,4.6,36.8,4.4,7,14.7,5008180,71,
2023-03-17,1988,8351063,8275235,6086834,1261728,1211708,7.2,34.3,5.4,6.7,14.6,5125183,46,
2023-03-18,1927,8351063,8275235,6086834,1261728,1211708,7.7,46.4,8.9,7,14.6,3741167,66,
2023-03-19,1870,8350811,8275032,6086622,1261624,1214449,8.3,59.6,10.1,7.4,14.6,2722224,98,
2023-03-20,689,8350883,8275113,6086679,1261635,1215634,9.5,50.4,10.9,7.8,14.5,4843780,78,
2023-03-21,2842,8350817,8275041,6086577,1261565,1216818,13,35.1,13.1,8.4,14.5,4988289,55,
2023-03-22,2723,8350748,8274976,6086515,1261549,1217950,17,44.8,15.5,9.3,14.5,4968506,63,
2023-03-23,2467,8350700,8274929,6086446,1261523,1219230,17.4,48.9,16.7,10.9,14.4,5002652,129,
2023-03-24,2193,8350700,8274929,6086446,1261523,1219230,12.5,36.8,13.1,11.2,14.4,5174732,161,
2023-03-25,2268,8350700,8274929,6086446,1261523,1219230,12.5,59.9,15.3,11,14.4,3831665,117,
2023-03-26,2268,8350700,8274929,6086446,1261523,1219230,9.4,34,13.6,11,14.3,2731428,68,
2023-03-27,773,8350478,8274738,6086249,1261436,1222049,7.3,44.8,11.8,10.3,14.3,4867373,51,
2023-03-28,3116,8350373,8274657,6086147,1261395,1224306,9.2,53.3,11.6,10,14.3,5051263,66,
2023-03-29,2971,8350310,8274597,6086090,1261370,1225448,11.8,50.3,13.8,10.1,14.2,5037070,71,
2023-03-30,2735,8350191,8274492,6085957,1261321,1226694,13.3,42.5,15.3,10.7,14.2,5078936,91,
2023-03-31,2482,8350191,8274492,6085957,1261321,1226694,15,42.5,16.9,11.3,14.2,5239986,103,
2023-04-01,2523,8350191,8274492,6085957,1261321,1226694,17.5,40.4,17.9,12,14.2,3897565,88,
2023-04-02,2401,8347960,8272314,6084035,1260409,1228669,18.8,29.6,19.7,12.7,14.1,2874630,52,
2023-04-03,842,8348045,8272402,6084099,1260412,1229690,19,29.4,20.1,13.2,14.1,4944449,52,
2023-04-04,3588,8356429,8280683,6088774,1260421,1230904,17.6,40.4,18.5,13.6,14.1,4991184,32,
2023-04-05,3353,8356201,8280478,6088551,1260319,1231797,11.9,97.8,12.5,13.2,14.1,4710889,32,
2023-04-06,2887,8355995,8280275,6088394,1260236,1232868,8.8,94.6,10,12.2,14,4962783,63,
2023-04-07,2667,8355995,8280275,6088394,1260236,1232868,8.9,65,11.9,11.5,14,5204180,93,
2023-04-08,2589,8355995,8280275,6088394,1260236,1232868,8.8,51.1,11.7,11.4,14,3761831,46,
2023-04-09,2285,8362467,8286702,6092248,1260217,1235561,10.8,56.8,13.1,11.3,14,2706571,67,
2023-04-10,828,8362534,8286778,6092248,1260217,1236393,13.2,50.8,14.1,11.8,14,4870220,48,
2023-04-11,3488,8362329,8286596,6092248,1260217,1237105,13.1,73.4,11,12.2,13.9,4753194,68,
2023-04-12,3498,8372994,8297158,6092248,1260217,1238159,10.1,45.1,11.9,11.5,13.9,5021314,333,
2023-04-13,2817,8372852,8297036,6092248,1260217,1238969,11.9,45,11.9,11.6,13.9,5000477,226,
2023-04-14,3011,8372852,8297036,6092248,1260217,1238969,16.2,58.6,15.1,12.1,13.9,5083973,109,
2023-04-15,2921,8372852,8297036,6092248,1260217,1238969,13.5,81.8,15.8,12.9,13.9,3428424,61,
2023-04-16,2604,8372576,8296787,6092248,1260217,1240620,10.8,71.4,12.4,12.8,13.9,2542020,118,
2023-04-17,1057,8372603,8296816,6092248,1260217,1241254,13.1,59,14.6,12.5,13.8,4788956,117,
2023-04-18,4373,8372433,8296681,6092248,1260217,1241874,14,78.6,15.7,13.1,13.8,4806925,55,
2023-04-19,4253,8372336,8296638,6092248,1260217,1242382,19.1,66.1,21.3,13.7,13.8,5011143,44,
2023-04-20,3684,8372240,8296539,6092248,1260217,1242943,15.8,92.1,16.1,15.1,13.8,4928423,15,
2023-04-21,3482,8372240,8296539,6092248,1260217,1242943,16.7,50.4,19.1,14.9,13.8,5066715,64,
2023-04-22,3531,8372240,8296539,6092248,1260217,1242943,16.9,22.9,18.3,15,13.8,3570927,62,
2023-04-23,2963,8371927,8296255,6092248,1260217,6097444,16.1,34.1,16.9,15,13.8,2548112,59,
2023-04-24,1021,8371965,8296297,6092248,1260217,1244624,15.8,40.5,18.8,15.2,13.8,4777523,60,
2023-04-25,4147,8371822,8296168,6092248,1260217,1245055,10.9,68.6,12,14.8,13.8,4846011,31,
2023-04-26,4217,8371744,8296093,6092248,1260217,1245548,10.2,69.9,16.6,13.8,13.7,5013802,28,
2023-04-27,3724,8371643,8296011,6092248,1260217,1246082,12.9,61.6,18.3,13.6,13.7,5092656,43,
2023-04-28,3596,8371643,8296011,6092248,1260217,1246082,15.7,62,19.9,14.3,13.7,5265221,38,
2023-04-29,3663,8371643,8296011,6092248,1260217,1246082,13.2,88.1,15.3,15,13.7,3380290,25,
2023-04-30,3342,8371261,8295662,6092248,1260217,1246794,12.7,72.9,16.4,14.4,13.7,2910460,47,
2023-05-01,1112,8369621,8294056,6092248,1260217,1246450,14.6,57,18.2,14.8,13.7,3426948,54,
2023-05-02,3963,8369331,8293787,6092248,1260217,1246551,16.7,40.5,16.8,15.1,13.7,4996958,39,
2023-05-03,5137,8369072,8293549,6092248,1260217,1246723,19.5,52.5,22.6,15.8,13.7,5110027,47,
2023-05-04,4927,8369072,8293549,6092248,1260217,1246723,21.4,65.5,22.2,17,13.7,5242961,48,
2023-05-05,4650,8369072,8293549,6092248,1260217,1246723,18.4,95.3,18.5,17.6,13.7,2497665,48,
2023-05-06,2385,8369072,8293549,6092248,1260217,1246723,12.6,85.6,13.2,16.6,13.7,2844819,48,
2023-05-07,3763,8368556,8293062,6092248,1260217,1246933,14.4,47.1,13.9,15.4,13.7,2577737,36,
2023-05-08,1642,8368638,8293151,6092248,1260217,1247107,15.3,55.3,18.1,15.3,13.7,4803625,42,
2023-05-09,5745,8368411,8292947,6092248,1260217,1247197,17,55.4,20.5,16.1,13.7,5020509,57,
2023-05-10,5621,8368230,8292785,6092248,1260217,1247280,18.4,53.3,21.3,16.7,13.7,5052678,59,
2023-05-11,4856,8368044,8292603,6092248,1260217,1247392,19.5,50.1,23.7,17.3,13.7,5079832,51,
2023-05-12,5129,8367868,8292445,6092248,1260217,1247484,18.4,50.9,21.7,17.7,13.7,5317816,52,
2023-05-13,4574,8367868,8292445,6092248,1260217,1247484,17.8,62,24.2,17.8,13.7,3899537,38,
2023-05-14,4194,8367868,8292445,6092248,1260217,1247484,18.1,56.5,24.3,18.1,13.7,2802004,25,
2023-05-15,1429,8367675,8292285,6092248,1260217,1247683,20.6,54.6,25,18.5,13.7,4890766,38,
2023-05-16,6198,8367474,8292081,6092248,1260217,1247770,24,51.9,30.3,19.4,13.7,5058231,62,
2023-05-17,6050,8367393,8292008,6092248,1260217,1247861,23.5,63.6,30.7,20.3,13.7,5094979,37,
2023-05-18,5061,8367269,8291895,6092248,1260217,1247987,21.2,74.8,21.6,20.7,13.7,4973053,33,
2023-05-19,4634,8367200,8291843,6092248,1260217,1248136,22.3,61.4,27.2,20.4,13.7,5262375,24,
2023-05-20,4371,8367065,8291724,6092248,1260217,1248327,21.2,66.9,28.7,20.9,13.7,4024849,28,
2023-05-21,4196,8367065,8291724,6092248,1260217,1248327,17.8,74,24.5,20.9,13.7,2781562,89,
2023-05-22,1271,8367065,8291724,6092248,1260217,1248327,20.3,61.3,25.9,20.8,13.7,4830596,148,
2023-05-23,5362,8366909,8291574,6092248,1260217,1248393,20.5,48,28.6,21,13.7,4997131,67,
2023-05-24,5312,8366810,8291475,6092248,1260217,1248499,20.6,49.8,25.1,21,13.7,5025467,40,
2023-05-25,4435,8366709,8291399,6092248,1260217,1248659,21.2,46.6,29,20.9,13.7,5100285,37,
2023-05-26,4217,8366606,8291303,6092248,1260217,1248785,21.4,57.4,29.7,21.3,13.8,5162300,35,
2023-05-27,4078,8366606,8291303,6092248,1260217,1248785,19.3,87.4,19.6,21.2,13.8,3124618,26,
2023-05-28,1393,8366606,8291303,6092248,1260217,1248785,19.2,98.9,19.6,20.1,13.8,2365069,11,
2023-05-29,1393,8366606,8291303,6092248,1260217,1248785,23.2,83.4,24.2,20.2,13.8,2750093,19,
2023-05-30,3326,8366463,8291166,6092248,1260217,1249006,24,69.5,25.6,21.4,13.8,4885819,34,
